"state","district","market","commodity","variety","arrival_date","min_price","max_price","modal_price"
"Andhra Pradesh","Chittor","Mulakalacheruvu","Tomato","Local","14/03/2020","500","700","600"
"Chattisgarh","Balrampur","Ramanujganj","Paddy(Dhan)(Common)","Paddy Coarse","14/03/2020","1820","1820","1820"
"Chattisgarh","Dantewada","Gidam","Tamarind Seed","Tamarind Seed","14/03/2020","2500","2600","2550"
"Chattisgarh","Dhamtari","Belargaon","Paddy(Dhan)(Common)","I.R. 36","14/03/2020","1450","1450","1450"
"Chattisgarh","Dhamtari","Boraee","Paddy(Dhan)(Common)","I.R. 36","14/03/2020","1400","1450","1400"
"Chattisgarh","Dhamtari","Gattasilli","Paddy(Dhan)(Common)","I.R. 36","14/03/2020","1500","1500","1500"
"Chattisgarh","Dhamtari","Nagari","Paddy(Dhan)(Common)","I.R. 36","14/03/2020","1425","1550","1450"
"Chattisgarh","Koria","Manendragarh","Paddy(Dhan)(Common)","Fine","14/03/2020","1840","1840","1840"
"Chattisgarh","Narayanpur","Narayanpur","Black Gram (Urd Beans)(Whole)","Desi","14/03/2020","6300","6500","6400"
"Chattisgarh","Surajpur","Pratappur","Sugarcane","Sugarcane","14/03/2020","261","261","261"
"Chattisgarh","Surajpur","Surajpur","Paddy(Dhan)(Common)","I.R. 36","14/03/2020","1840","1840","1840"
"Goa","North Goa","Valpol","Arecanut(Betelnut/Supari)","Red","14/03/2020","21200","22300","21800"
"Goa","North Goa","Valpol","Arecanut(Betelnut/Supari)","Supari","14/03/2020","24800","25800","25300"
"Goa","North Goa","Valpol","Arecanut(Betelnut/Supari)","White","14/03/2020","22200","23600","22900"
"Goa","North Goa","Valpol","Cashewnuts","Local(Raw)","14/03/2020","13600","13600","13600"
"Gujarat","Amreli","Bagasara","Cotton","Other","14/03/2020","3230","4790","4010"
"Gujarat","Amreli","Bagasara","Wheat","Lokwan Gujrat","14/03/2020","1260","1410","1335"
"Gujarat","Amreli","Khambha","Cotton","Shanker 6 (B) 30mm FIne","14/03/2020","3150","5000","3845"
"Gujarat","Amreli","Rajula","Arhar (Tur/Red Gram)(Whole)","Other","14/03/2020","3000","4555","3778"
"Gujarat","Amreli","Rajula","Bajra(Pearl Millet/Cumbu)","Local","14/03/2020","1905","2400","2198"
"Gujarat","Amreli","Rajula","Cotton","Local","14/03/2020","3500","5155","4328"
"Gujarat","Amreli","Rajula","Cummin Seed(Jeera)","Cummin Seed(Jeera)","14/03/2020","8505","11260","9883"
"Gujarat","Amreli","Rajula","Groundnut","Local","14/03/2020","5060","5245","5153"
"Gujarat","Amreli","Rajula","Jowar(Sorghum)","Local","14/03/2020","2251","3150","2701"
"Gujarat","Amreli","Rajula","Kabuli Chana(Chickpeas-White)","Kabul","14/03/2020","3425","3700","3563"
"Gujarat","Amreli","Rajula","Methi Seeds","Methiseeds","14/03/2020","4270","4270","4270"
"Gujarat","Amreli","Rajula","Mustard","Mustard","14/03/2020","3000","3000","3000"
"Gujarat","Amreli","Rajula","Sesamum(Sesame,Gingelly,Til)","White","14/03/2020","7235","7235","7235"
"Gujarat","Amreli","Rajula","Wheat","PISSI","14/03/2020","1750","2080","1915"
"Gujarat","Anand","Khambhat(Grain Market)","Bajra(Pearl Millet/Cumbu)","Other","14/03/2020","1980","2020","2000"
"Gujarat","Anand","Petlad(Veg Yard, Petlad)","Bhindi(Ladies Finger)","Other","14/03/2020","2000","3000","2500"
"Gujarat","Anand","Petlad(Veg Yard, Petlad)","Brinjal","Other","14/03/2020","300","600","450"
"Gujarat","Anand","Petlad(Veg Yard, Petlad)","Cabbage","Other","14/03/2020","300","600","450"
"Gujarat","Anand","Petlad(Veg Yard, Petlad)","Cauliflower","Other","14/03/2020","300","700","500"
"Gujarat","Anand","Petlad(Veg Yard, Petlad)","Lemon","Other","14/03/2020","2000","3000","2500"
"Gujarat","Anand","Petlad(Veg Yard, Petlad)","Onion","Other","14/03/2020","1000","2250","1625"
"Gujarat","Anand","Petlad(Veg Yard, Petlad)","Peas Wet","Other","14/03/2020","1750","2750","2250"
"Gujarat","Anand","Petlad(Veg Yard, Petlad)","Potato","Other","14/03/2020","500","1200","850"
"Gujarat","Anand","Petlad(Veg Yard, Petlad)","Tomato","Other","14/03/2020","200","500","350"
"Gujarat","Banaskanth","Deesa(Deesa Veg Yard)","Potato","Other","14/03/2020","850","1300","1150"
"Gujarat","Banaskanth","Vadgam","Castor Seed","Other","14/03/2020","3750","3780","3765"
"Gujarat","Banaskanth","Vadgam","Guar Seed(Cluster Beans Seed)","Other","14/03/2020","3340","3350","3345"
"Gujarat","Banaskanth","Vadgam","Mustard","Other","14/03/2020","3300","3650","3475"
"Gujarat","Banaskanth","Vadgam","Rajgir","Other","14/03/2020","4380","4850","4615"
"Gujarat","Dahod","Davgadbaria(Piplod)","Paddy(Dhan)(Common)","Common","14/03/2020","1510","1530","1520"
"Gujarat","Dahod","Devgadhbaria","Paddy(Dhan)(Common)","Common","14/03/2020","1510","1530","1520"
"Gujarat","Gandhinagar","Kalol","Bajra(Pearl Millet/Cumbu)","Other","14/03/2020","1700","1975","1750"
"Gujarat","Gandhinagar","Kalol","Castor Seed","Other","14/03/2020","3735","3775","3750"
"Gujarat","Gandhinagar","Kalol","Mustard","Other","14/03/2020","3300","3505","3375"
"Gujarat","Gandhinagar","Kalol","Paddy(Dhan)(Common)","Other","14/03/2020","1465","1815","1625"
"Gujarat","Gandhinagar","Kalol","Wheat","Other","14/03/2020","1875","2125","1975"
"Gujarat","Gandhinagar","Mansa(Manas Veg Yard)","Bhindi(Ladies Finger)","Other","14/03/2020","3250","3250","3250"
"Gujarat","Gandhinagar","Mansa(Manas Veg Yard)","Bottle gourd","Other","14/03/2020","800","1200","1000"
"Gujarat","Gandhinagar","Mansa(Manas Veg Yard)","Brinjal","Brinjal","14/03/2020","800","800","800"
"Gujarat","Gandhinagar","Mansa(Manas Veg Yard)","Brinjal","Round/Long","14/03/2020","800","1500","1200"
"Gujarat","Gandhinagar","Mansa(Manas Veg Yard)","Cabbage","Other","14/03/2020","250","300","275"
"Gujarat","Gandhinagar","Mansa(Manas Veg Yard)","Carrot","Other","14/03/2020","1000","1200","1100"
"Gujarat","Gandhinagar","Mansa(Manas Veg Yard)","Cauliflower","Other","14/03/2020","600","700","650"
"Gujarat","Gandhinagar","Mansa(Manas Veg Yard)","Green Chilli","Other","14/03/2020","600","1500","1000"
"Gujarat","Gandhinagar","Mansa(Manas Veg Yard)","Lemon","Other","14/03/2020","2000","3500","3000"
"Gujarat","Gandhinagar","Mansa(Manas Veg Yard)","Potato","Other","14/03/2020","1000","1000","1000"
"Gujarat","Gandhinagar","Mansa(Manas Veg Yard)","Tomato","Other","14/03/2020","300","500","400"
"Gujarat","Jamnagar","Bhanvad","Cotton","Bunny","14/03/2020","4500","5000","4850"
"Gujarat","Jamnagar","Bhanvad","Cummin Seed(Jeera)","Medium","14/03/2020","9500","11500","10500"
"Gujarat","Jamnagar","Bhanvad","Groundnut","G20","14/03/2020","4500","5000","4850"
"Gujarat","Junagarh","Mangrol","Bajra(Pearl Millet/Cumbu)","Hybrid","14/03/2020","2000","2125","2075"
"Gujarat","Junagarh","Mangrol","Bengal Gram(Gram)(Whole)","Desi (F.A.Q. Split)","14/03/2020","3500","3550","3530"
"Gujarat","Junagarh","Mangrol","Corriander seed","Coriander Seed","14/03/2020","4375","5625","5500"
"Gujarat","Junagarh","Mangrol","Groundnut","G20","14/03/2020","5825","6000","5950"
"Gujarat","Junagarh","Mangrol","Groundnut","Local","14/03/2020","5000","5125","5075"
"Gujarat","Junagarh","Mangrol","Jowar(Sorghum)","Jowar ( White)","14/03/2020","2500","3000","2800"
"Gujarat","Junagarh","Mangrol","Wheat","Lok-1","14/03/2020","1700","1725","1715"
"Gujarat","Junagarh","Mangrol","Wheat","Milbar","14/03/2020","1650","1675","1665"
"Gujarat","Junagarh","Mangrol","Wheat","Rajasthan Tukdi","14/03/2020","1750","1775","1765"
"Gujarat","Kheda","Matar","Paddy(Dhan)(Common)","Other","14/03/2020","1810","1850","1830"
"Gujarat","Mehsana","Unava","Castor Seed","Other","14/03/2020","3725","3775","3755"
"Gujarat","Mehsana","Unava","Cotton","Other","14/03/2020","3255","5205","4275"
"Gujarat","Mehsana","Unava","Mustard","Other","14/03/2020","3250","3700","3675"
"Gujarat","Mehsana","Unjha","Ajwan","Ajwan","14/03/2020","7200","11700","9000"
"Gujarat","Morbi","Vankaner","Corriander seed","Other","14/03/2020","3205","4405","3750"
"Gujarat","Morbi","Vankaner","Cotton","Other","14/03/2020","3250","4650","3750"
"Gujarat","Morbi","Vankaner","Cummin Seed(Jeera)","Other","14/03/2020","10500","12815","11250"
"Gujarat","Morbi","Vankaner","Jowar(Sorghum)","Other","14/03/2020","2500","2905","2750"
"Gujarat","Morbi","Vankaner","Wheat","Other","14/03/2020","1690","2000","1800"
"Gujarat","Narmada","Rajpipla","Banana","Other","14/03/2020","800","1325","1125"
"Gujarat","Narmada","Rajpipla","Cotton","Cotton (Unginned)","14/03/2020","4500","5210","5150"
"Gujarat","Panchmahals","Gogamba","Arhar (Tur/Red Gram)(Whole)","Other","14/03/2020","4700","4900","4800"
"Gujarat","Panchmahals","Gogamba","Cotton","Other","14/03/2020","3500","3600","3550"
"Gujarat","Panchmahals","Gogamba","Maize","Deshi Red","14/03/2020","1550","1650","1600"
"Gujarat","Panchmahals","Gogamba","Maize","Deshi White","14/03/2020","2000","2200","2100"
"Gujarat","Panchmahals","Gogamba","Paddy(Dhan)(Common)","G. R. 11","14/03/2020","1550","1650","1600"
"Gujarat","Panchmahals","Gogamba","Wheat","Other","14/03/2020","1600","1700","1650"
"Gujarat","Panchmahals","Gogamba(Similiya)","Arhar (Tur/Red Gram)(Whole)","Other","14/03/2020","4600","4700","4650"
"Gujarat","Panchmahals","Gogamba(Similiya)","Bajra(Pearl Millet/Cumbu)","Other","14/03/2020","1900","2000","1950"
"Gujarat","Panchmahals","Gogamba(Similiya)","Maize","Deshi White","14/03/2020","2000","2100","2050"
"Gujarat","Panchmahals","Gogamba(Similiya)","Paddy(Dhan)(Common)","Other","14/03/2020","1200","1300","1250"
"Gujarat","Patan","Sami","Castor Seed","Castor seed","14/03/2020","3650","3750","3730"
"Gujarat","Patan","Sami","Cummin Seed(Jeera)","Cummin Seed(Jeera)","14/03/2020","11500","13055","12400"
"Gujarat","Patan","Sami","Mustard","Big 100 Kg","14/03/2020","3400","3650","3600"
"Gujarat","Patan","Sami","Wheat","Other","14/03/2020","1750","1975","1925"
"Gujarat","Rajkot","Dhoraji","Arhar (Tur/Red Gram)(Whole)","Medium","14/03/2020","4255","4880","4730"
"Gujarat","Rajkot","Dhoraji","Brinjal","Brinjal","14/03/2020","600","800","700"
"Gujarat","Rajkot","Dhoraji","Cabbage","Cabbage","14/03/2020","125","250","175"
"Gujarat","Rajkot","Dhoraji","Castor Seed","Castor seed","14/03/2020","3480","3630","3580"
"Gujarat","Rajkot","Dhoraji","Corriander seed","Medium Green","14/03/2020","3680","5080","4780"
"Gujarat","Rajkot","Dhoraji","Cotton","H.B (Unginned)","14/03/2020","3880","5055","4480"
"Gujarat","Rajkot","Dhoraji","Green Chilli","Green Chilly","14/03/2020","1600","1950","1800"
"Gujarat","Rajkot","Dhoraji","Groundnut","G20","14/03/2020","4500","5130","4905"
"Gujarat","Rajkot","Dhoraji","Potato","Potato","14/03/2020","1000","1250","1100"
"Gujarat","Rajkot","Dhoraji","Tomato","Deshi","14/03/2020","350","550","450"
"Gujarat","Rajkot","Dhoraji","Wheat","Lokwan","14/03/2020","1550","1735","1660"
"Gujarat","Rajkot","Gondal(Veg.market Gondal)","Bhindi(Ladies Finger)","Bhindi","14/03/2020","3000","4000","3500"
"Gujarat","Rajkot","Gondal(Veg.market Gondal)","Brinjal","Brinjal","14/03/2020","200","700","450"
"Gujarat","Rajkot","Gondal(Veg.market Gondal)","Cabbage","Cabbage","14/03/2020","100","300","200"
"Gujarat","Rajkot","Gondal(Veg.market Gondal)","Carrot","Carrot","14/03/2020","400","800","600"
"Gujarat","Rajkot","Gondal(Veg.market Gondal)","Cauliflower","Cauliflower","14/03/2020","500","700","600"
"Gujarat","Rajkot","Gondal(Veg.market Gondal)","Cucumbar(Kheera)","Cucumbar","14/03/2020","500","1000","750"
"Gujarat","Rajkot","Gondal(Veg.market Gondal)","Green Chilli","Green Chilly","14/03/2020","300","700","500"
"Gujarat","Rajkot","Gondal(Veg.market Gondal)","Guar","Gwar","14/03/2020","3000","6000","4500"
"Gujarat","Rajkot","Gondal(Veg.market Gondal)","Lemon","Other","14/03/2020","2500","3500","3000"
"Gujarat","Sabarkantha","Bhiloda","Cotton","Other","14/03/2020","4250","4625","4438"
"Gujarat","Sabarkantha","Bhiloda","Wheat","Other","14/03/2020","1650","1835","1743"
"Gujarat","Sabarkantha","Modasa","Kabuli Chana(Chickpeas-White)","Kabul Small","14/03/2020","3500","4150","3850"
"Gujarat","Sabarkantha","Modasa","Maize","Hybrid Red (Cattle Feed)","14/03/2020","1250","1725","1550"
"Gujarat","Sabarkantha","Modasa","Mustard","Lohi Black","14/03/2020","3000","3560","3325"
"Gujarat","Sabarkantha","Modasa","Wheat","Lokwan Gujrat","14/03/2020","1650","1940","1835"
"Gujarat","Sabarkantha","Modasa(Tintoi)","Maize","Hybrid Red (Cattle Feed)","14/03/2020","1200","1600","1425"
"Gujarat","Sabarkantha","Modasa(Tintoi)","Mustard","Mustard","14/03/2020","2950","3450","3250"
"Gujarat","Sabarkantha","Modasa(Tintoi)","Wheat","Lokwan","14/03/2020","1600","1800","1750"
"Gujarat","Surat","Surat","Beetroot","Other","14/03/2020","500","700","600"
"Gujarat","Surat","Surat","Bhindi(Ladies Finger)","Other","14/03/2020","1750","3750","2750"
"Gujarat","Surat","Surat","Bitter gourd","Other","14/03/2020","1300","4000","2650"
"Gujarat","Surat","Surat","Bottle gourd","Other","14/03/2020","250","1300","775"
"Gujarat","Surat","Surat","Brinjal","Other","14/03/2020","400","1600","1000"
"Gujarat","Surat","Surat","Cabbage","Other","14/03/2020","250","600","425"
"Gujarat","Surat","Surat","Carrot","Other","14/03/2020","800","1750","1275"
"Gujarat","Surat","Surat","Cauliflower","Other","14/03/2020","400","2300","1350"
"Gujarat","Surat","Surat","Cowpea(Veg)","Other","14/03/2020","1500","3250","2375"
"Gujarat","Surat","Surat","Cucumbar(Kheera)","Other","14/03/2020","600","1100","850"
"Gujarat","Surat","Surat","Drumstick","Other","14/03/2020","1750","3000","2375"
"Gujarat","Surat","Surat","Elephant Yam (Suran)","Other","14/03/2020","1200","1500","1350"
"Gujarat","Surat","Surat","French Beans (Frasbean)","Other","14/03/2020","1300","2000","1650"
"Gujarat","Surat","Surat","Ginger(Green)","Other","14/03/2020","3400","3800","3600"
"Gujarat","Surat","Surat","Green Chilli","Other","14/03/2020","1600","3000","2300"
"Gujarat","Surat","Surat","Indian Beans (Seam)","Other","14/03/2020","800","1300","1050"
"Gujarat","Surat","Surat","Lemon","Other","14/03/2020","1000","2500","1750"
"Gujarat","Surat","Surat","Little gourd (Kundru)","Other","14/03/2020","1100","4750","2925"
"Gujarat","Surat","Surat","Onion","Other","14/03/2020","1000","2250","1625"
"Gujarat","Surat","Surat","Pegeon Pea (Arhar Fali)","Other","14/03/2020","2000","4500","3250"
"Gujarat","Surat","Surat","Pointed gourd (Parval)","Other","14/03/2020","3000","5250","4125"
"Gujarat","Surat","Surat","Potato","Other","14/03/2020","1100","1550","1325"
"Gujarat","Surat","Surat","Pumpkin","Other","14/03/2020","350","800","575"
"Gujarat","Surat","Surat","Ridgeguard(Tori)","Other","14/03/2020","800","2400","1600"
"Gujarat","Surat","Surat","Surat Beans (Papadi)","Other","14/03/2020","3000","8000","5500"
"Gujarat","Surat","Surat","Sweet Potato","Other","14/03/2020","1300","2000","1650"
"Gujarat","Surat","Surat","Tomato","Other","14/03/2020","250","600","425"
"Gujarat","Surat","Surat","Turmeric (raw)","Other","14/03/2020","1500","2000","1750"
"Gujarat","Surat","Surat","Yam (Ratalu)","Other","14/03/2020","2500","6000","4250"
"Gujarat","Surendranagar","Chotila","Bajra(Pearl Millet/Cumbu)","Hybrid","14/03/2020","1500","2000","1850"
"Gujarat","Surendranagar","Chotila","Bengal Gram(Gram)(Whole)","Other","14/03/2020","3500","4000","3750"
"Gujarat","Surendranagar","Chotila","Cotton","Shanker 6 (B) 30mm FIne","14/03/2020","3500","4500","4000"
"Gujarat","Surendranagar","Limdi","Cotton","Shanker 6 (B) 30mm FIne","14/03/2020","3500","5500","4500"
"Gujarat","Vadodara(Baroda)","Bodeli","Cotton","Shanker 6 (B) 30mm FIne","14/03/2020","4800","5500","5000"
"Gujarat","Vadodara(Baroda)","Bodeli(Hadod)","Cotton","Shanker 6 (B) 30mm FIne","14/03/2020","4900","4950","4900"
"Gujarat","Vadodara(Baroda)","Bodeli(Kalediya)","Cotton","Shanker 6 (B) 30mm FIne","14/03/2020","4900","4950","4900"
"Gujarat","Vadodara(Baroda)","Bodeli(Modasar)","Cotton","Shanker 6 (B) 30mm FIne","14/03/2020","4800","5500","5000"
"Gujarat","Vadodara(Baroda)","Padra","Bhindi(Ladies Finger)","Other","14/03/2020","2500","3000","2750"
"Gujarat","Vadodara(Baroda)","Padra","Bottle gourd","Other","14/03/2020","750","1100","950"
"Gujarat","Vadodara(Baroda)","Padra","Brinjal","Other","14/03/2020","300","500","400"
"Gujarat","Vadodara(Baroda)","Padra","Cabbage","Other","14/03/2020","150","200","175"
"Gujarat","Vadodara(Baroda)","Padra","Carrot","Other","14/03/2020","1250","1750","1500"
"Gujarat","Vadodara(Baroda)","Padra","Cauliflower","Other","14/03/2020","300","500","400"
"Gujarat","Vadodara(Baroda)","Padra","Coriander(Leaves)","Other","14/03/2020","1500","1700","1600"
"Gujarat","Vadodara(Baroda)","Padra","Cucumbar(Kheera)","Other","14/03/2020","1000","1500","1250"
"Gujarat","Vadodara(Baroda)","Padra","Drumstick","Other","14/03/2020","1000","3000","2000"
"Gujarat","Vadodara(Baroda)","Padra","Elephant Yam (Suran)","Other","14/03/2020","2000","2500","2250"
"Gujarat","Vadodara(Baroda)","Padra","Ginger(Green)","Other","14/03/2020","3500","4000","3750"
"Gujarat","Vadodara(Baroda)","Padra","Green Chilli","Green Chilly","14/03/2020","900","1600","1250"
"Gujarat","Vadodara(Baroda)","Padra","Indian Beans (Seam)","Other","14/03/2020","2500","2750","2625"
"Gujarat","Vadodara(Baroda)","Padra","Lemon","Other","14/03/2020","2000","3750","3000"
"Gujarat","Vadodara(Baroda)","Padra","Little gourd (Kundru)","Other","14/03/2020","500","2750","1650"
"Gujarat","Vadodara(Baroda)","Padra","Methi(Leaves)","Other","14/03/2020","1000","1300","1150"
"Gujarat","Vadodara(Baroda)","Padra","Onion","Other","14/03/2020","1500","2250","1900"
"Gujarat","Vadodara(Baroda)","Padra","Pegeon Pea (Arhar Fali)","Other","14/03/2020","3000","3500","3250"
"Gujarat","Vadodara(Baroda)","Padra","Potato","Other","14/03/2020","1000","1750","1400"
"Gujarat","Vadodara(Baroda)","Padra","Raddish","Other","14/03/2020","600","850","750"
"Gujarat","Vadodara(Baroda)","Padra","Spinach","Other","14/03/2020","600","800","700"
"Gujarat","Vadodara(Baroda)","Padra","Surat Beans (Papadi)","Other","14/03/2020","2000","3000","2500"
"Gujarat","Vadodara(Baroda)","Padra","Tomato","Other","14/03/2020","300","500","400"
"Haryana","Bhiwani","Ch. Dadri","Banana","Other","14/03/2020","2000","2500","2300"
"Haryana","Bhiwani","Ch. Dadri","Onion","Other","14/03/2020","3500","4000","3700"
"Haryana","Bhiwani","Ch. Dadri","Potato","Other","14/03/2020","1200","1400","1350"
"Haryana","Bhiwani","Ch. Dadri","Tomato","Other","14/03/2020","1200","1500","1350"
"Haryana","Jind","Narwana","Mousambi(Sweet Lime)","Other","14/03/2020","5500","6000","5750"
"Haryana","Jind","Narwana","Onion","Other","14/03/2020","1300","2000","1650"
"Haryana","Jind","Narwana","Potato","Other","14/03/2020","1400","1500","1450"
"Haryana","Jind","Narwana","Tomato","Other","14/03/2020","1000","1200","1100"
"Haryana","Kurukshetra","Pehowa","Apple","Other","14/03/2020","2600","3450","3210"
"Haryana","Kurukshetra","Pehowa","Bottle gourd","Other","14/03/2020","600","600","600"
"Haryana","Kurukshetra","Pehowa","Ginger(Green)","Other","14/03/2020","1500","1600","1600"
"Haryana","Kurukshetra","Pehowa","Lemon","Other","14/03/2020","2200","2200","2200"
"Haryana","Kurukshetra","Pehowa","Potato","Other","14/03/2020","600","600","600"
"Haryana","Kurukshetra","Pehowa","Raddish","Other","14/03/2020","600","800","700"
"Haryana","Mewat","Punhana","Carrot","Other","14/03/2020","800","800","800"
"Haryana","Mewat","Punhana","Onion","Other","14/03/2020","3000","3000","3000"
"Haryana","Sonipat","Gohana","Brinjal","Other","14/03/2020","1500","2000","1500"
"Haryana","Sonipat","Gohana","Carrot","Other","14/03/2020","1700","2300","1700"
"Haryana","Sonipat","Gohana","Potato","Other","14/03/2020","1200","1800","1200"
"Himachal Pradesh","Kangra","Kangra(Jassour)","Apple","Other","14/03/2020","4000","6000","5000"
"Himachal Pradesh","Kangra","Kangra(Jassour)","Banana","Other","14/03/2020","2500","3000","2750"
"Himachal Pradesh","Kangra","Kangra(Jassour)","Brinjal","Other","14/03/2020","1500","2000","1750"
"Himachal Pradesh","Kangra","Kangra(Jassour)","Cabbage","Other","14/03/2020","1000","1200","1100"
"Himachal Pradesh","Kangra","Kangra(Jassour)","Capsicum","Other","14/03/2020","3000","4000","3500"
"Himachal Pradesh","Kangra","Kangra(Jassour)","Carrot","Other","14/03/2020","1500","1600","1550"
"Himachal Pradesh","Kangra","Kangra(Jassour)","Cauliflower","Other","14/03/2020","2000","2500","2250"
"Himachal Pradesh","Kangra","Kangra(Jassour)","Coriander(Leaves)","Other","14/03/2020","1500","1600","1550"
"Himachal Pradesh","Kangra","Kangra(Jassour)","French Beans (Frasbean)","Other","14/03/2020","4000","4500","4250"
"Himachal Pradesh","Kangra","Kangra(Jassour)","Garlic","Other","14/03/2020","10000","12000","11000"
"Himachal Pradesh","Kangra","Kangra(Jassour)","Ginger(Green)","Other","14/03/2020","7000","7500","7250"
"Himachal Pradesh","Kangra","Kangra(Jassour)","Grapes","Other","14/03/2020","4000","6000","5000"
"Himachal Pradesh","Kangra","Kangra(Jassour)","Green Chilli","Other","14/03/2020","4000","4500","4250"
"Himachal Pradesh","Kangra","Kangra(Jassour)","Kinnow","Other","14/03/2020","2000","2500","2250"
"Himachal Pradesh","Kangra","Kangra(Jassour)","Lemon","Other","14/03/2020","3000","3500","3250"
"Himachal Pradesh","Kangra","Kangra(Jassour)","Mousambi(Sweet Lime)","Other","14/03/2020","4000","6000","5000"
"Himachal Pradesh","Kangra","Kangra(Jassour)","Onion","Other","14/03/2020","2500","2700","2600"
"Himachal Pradesh","Kangra","Kangra(Jassour)","Papaya","Other","14/03/2020","3000","4000","3500"
"Himachal Pradesh","Kangra","Kangra(Jassour)","Peas cod","Other","14/03/2020","4000","4500","4250"
"Himachal Pradesh","Kangra","Kangra(Jassour)","Pineapple","Other","14/03/2020","4000","4500","4250"
"Himachal Pradesh","Kangra","Kangra(Jassour)","Pomegranate","Other","14/03/2020","9000","9200","9100"
"Himachal Pradesh","Kangra","Kangra(Jassour)","Potato","Other","14/03/2020","1500","1600","1550"
"Himachal Pradesh","Kangra","Kangra(Jassour)","Tomato","Other","14/03/2020","1500","2000","1750"
"Jammu and Kashmir","Jammu","Akhnoor","Apple","Other","14/03/2020","5500","6000","5750"
"Jammu and Kashmir","Jammu","Akhnoor","Banana","Medium","14/03/2020","3000","3200","3100"
"Jammu and Kashmir","Jammu","Akhnoor","Bhindi(Ladies Finger)","Other","14/03/2020","4000","4500","4250"
"Jammu and Kashmir","Jammu","Akhnoor","Bitter gourd","Other","14/03/2020","5500","6000","5750"
"Jammu and Kashmir","Jammu","Akhnoor","Brinjal","Other","14/03/2020","1800","2000","1900"
"Jammu and Kashmir","Jammu","Akhnoor","Cabbage","Other","14/03/2020","800","900","850"
"Jammu and Kashmir","Jammu","Akhnoor","Capsicum","Other","14/03/2020","3000","3200","3100"
"Jammu and Kashmir","Jammu","Akhnoor","Cauliflower","Other","14/03/2020","2000","2200","2100"
"Jammu and Kashmir","Jammu","Akhnoor","Cucumbar(Kheera)","Other","14/03/2020","1500","1600","1550"
"Jammu and Kashmir","Jammu","Akhnoor","Ginger(Green)","Green Ginger","14/03/2020","7000","7500","7250"
"Jammu and Kashmir","Jammu","Akhnoor","Green Chilli","Other","14/03/2020","3000","3500","3250"
"Jammu and Kashmir","Jammu","Akhnoor","Indian Beans (Seam)","Other","14/03/2020","3000","3500","3250"
"Jammu and Kashmir","Jammu","Akhnoor","Knool Khol","Other","14/03/2020","1200","1300","1250"
"Jammu and Kashmir","Jammu","Akhnoor","Lemon","Other","14/03/2020","3000","3200","3100"
"Jammu and Kashmir","Jammu","Akhnoor","Mousambi(Sweet Lime)","Other","14/03/2020","4000","4500","4250"
"Jammu and Kashmir","Jammu","Akhnoor","Onion","Other","14/03/2020","2500","2600","2550"
"Jammu and Kashmir","Jammu","Akhnoor","Papaya","Other","14/03/2020","3000","3200","3100"
"Jammu and Kashmir","Jammu","Akhnoor","Peas Wet","Other","14/03/2020","2000","2200","2100"
"Jammu and Kashmir","Jammu","Akhnoor","Pineapple","Other","14/03/2020","3000","3200","3100"
"Jammu and Kashmir","Jammu","Akhnoor","Pomegranate","Other","14/03/2020","6500","7000","6750"
"Jammu and Kashmir","Jammu","Akhnoor","Potato","Other","14/03/2020","1700","1800","1750"
"Jammu and Kashmir","Jammu","Akhnoor","Pumpkin","Other","14/03/2020","1800","2000","1900"
"Jammu and Kashmir","Jammu","Akhnoor","Raddish","Other","14/03/2020","900","1000","950"
"Jammu and Kashmir","Jammu","Akhnoor","Round gourd","Other","14/03/2020","2000","2200","2100"
"Jammu and Kashmir","Jammu","Akhnoor","Spinach","Other","14/03/2020","1500","1600","1550"
"Jammu and Kashmir","Jammu","Akhnoor","Tomato","Other","14/03/2020","1800","2000","1900"
"Jammu and Kashmir","Jammu","Akhnoor","Turnip","Other","14/03/2020","900","1000","950"
"Karnataka","Bangalore","Ramanagara","Beans","Beans (Whole)","14/03/2020","1600","2000","1800"
"Karnataka","Bangalore","Ramanagara","Beetroot","Beetroot","14/03/2020","1000","1200","1100"
"Karnataka","Bangalore","Ramanagara","Bhindi(Ladies Finger)","Bhindi","14/03/2020","1200","2000","1600"
"Karnataka","Bangalore","Ramanagara","Bitter gourd","Bitter Gourd","14/03/2020","1000","1400","1200"
"Karnataka","Bangalore","Ramanagara","Brinjal","Brinjal","14/03/2020","1000","1200","1100"
"Karnataka","Bangalore","Ramanagara","Bunch Beans","Bunch Beans","14/03/2020","1900","2100","2000"
"Karnataka","Bangalore","Ramanagara","Cabbage","Cabbage","14/03/2020","300","400","350"
"Karnataka","Bangalore","Ramanagara","Carrot","Carrot","14/03/2020","2000","2400","2200"
"Karnataka","Bangalore","Ramanagara","Chilly Capsicum","Chilly Capsicum","14/03/2020","1000","1500","1300"
"Karnataka","Bangalore","Ramanagara","Cucumbar(Kheera)","Cucumbar","14/03/2020","900","1100","1000"
"Karnataka","Bangalore","Ramanagara","Drumstick","Drumstick","14/03/2020","2000","2800","2400"
"Karnataka","Bangalore","Ramanagara","Ginger(Green)","Green Ginger","14/03/2020","4000","4200","4100"
"Karnataka","Bangalore","Ramanagara","Green Avare (W)","Green Avare (W)","14/03/2020","2400","2800","2600"
"Karnataka","Bangalore","Ramanagara","Green Chilli","Green Chilly","14/03/2020","1200","2000","1600"
"Karnataka","Bangalore","Ramanagara","Knool Khol","Knool Khol","14/03/2020","1000","1200","1100"
"Karnataka","Bangalore","Ramanagara","Peas Wet","Peas Wet","14/03/2020","3200","4000","3600"
"Karnataka","Bangalore","Ramanagara","Raddish","Raddish","14/03/2020","600","800","700"
"Karnataka","Bangalore","Ramanagara","Ridgeguard(Tori)","Ridgeguard(Tori)","14/03/2020","800","1200","1000"
"Karnataka","Bangalore","Ramanagara","Seemebadnekai","Seemebadanekai","14/03/2020","800","1000","900"
"Karnataka","Bangalore","Ramanagara","Snakeguard","Snakeguard","14/03/2020","1000","1300","1150"
"Karnataka","Bangalore","Ramanagara","Suvarna Gadde","Suvarnagadde","14/03/2020","1600","2000","1800"
"Karnataka","Bangalore","Ramanagara","Thondekai","Thondekai","14/03/2020","1000","1200","1100"
"Karnataka","Bangalore","Ramanagara","Tomato","Tomato","14/03/2020","600","800","700"
"Karnataka","Bangalore","Ramanagara","Water Melon","Water Melon","14/03/2020","1200","1600","1400"
"Karnataka","Chamrajnagar","Chamaraj Nagar","Beans","Beans (Whole)","14/03/2020","700","1900","1500"
"Karnataka","Chamrajnagar","Chamaraj Nagar","Beetroot","Beetroot","14/03/2020","200","300","200"
"Karnataka","Chamrajnagar","Chamaraj Nagar","Brinjal","Other","14/03/2020","200","400","300"
"Karnataka","Chamrajnagar","Chamaraj Nagar","Cabbage","Cabbage","14/03/2020","200","300","200"
"Karnataka","Chamrajnagar","Chamaraj Nagar","Carrot","Carrot","14/03/2020","500","2200","2000"
"Karnataka","Chamrajnagar","Chamaraj Nagar","Green Chilli","Green Chilly","14/03/2020","800","1000","900"
"Karnataka","Chamrajnagar","Chamaraj Nagar","Raddish","Raddish","14/03/2020","400","800","600"
"Karnataka","Chamrajnagar","Chamaraj Nagar","Tomato","Tomato","14/03/2020","200","400","350"
"Karnataka","Kolar","Chintamani","Coriander(Leaves)","Local","14/03/2020","6000","7000","6500"
"Karnataka","Kolar","Chintamani","Rice","Broken Rice","14/03/2020","2150","2300","2200"
"Karnataka","Kolar","Chintamani","Rice","Hansa","14/03/2020","2400","2700","2600"
"Karnataka","Kolar","Chintamani","Rice","Sona","14/03/2020","3800","5200","4000"
"Karnataka","Kolar","Chintamani","Tamarind Fruit","Tamarind Fruit","14/03/2020","3000","3500","3400"
"Karnataka","Kolar","Kolar","Tomato","Tomato","14/03/2020","333","800","533"
"Kerala","Alappuzha","Chengannur","Amphophalus","Other","14/03/2020","2100","2400","2300"
"Kerala","Alappuzha","Chengannur","Ashgourd","Other","14/03/2020","1100","1400","1200"
"Kerala","Alappuzha","Chengannur","Beetroot","Other","14/03/2020","3000","3300","3100"
"Kerala","Alappuzha","Chengannur","Bhindi(Ladies Finger)","Other","14/03/2020","2500","2800","2600"
"Kerala","Alappuzha","Chengannur","Bitter gourd","Other","14/03/2020","4000","4300","4100"
"Kerala","Alappuzha","Chengannur","Bottle gourd","Other","14/03/2020","900","1200","1000"
"Kerala","Alappuzha","Chengannur","Brinjal","Brinjal","14/03/2020","2800","3100","3000"
"Kerala","Alappuzha","Chengannur","Cabbage","Other","14/03/2020","2400","2700","2500"
"Kerala","Alappuzha","Chengannur","Capsicum","Other","14/03/2020","4400","4700","4500"
"Kerala","Alappuzha","Chengannur","Cauliflower","Other","14/03/2020","3300","3600","3400"
"Kerala","Alappuzha","Chengannur","Cowpea(Veg)","Cowpea (Veg)","14/03/2020","2800","3100","3000"
"Kerala","Alappuzha","Chengannur","Cucumbar(Kheera)","Other","14/03/2020","800","1200","900"
"Kerala","Alappuzha","Chengannur","Drumstick","Other","14/03/2020","3000","3300","3200"
"Kerala","Alappuzha","Chengannur","Garlic","Other","14/03/2020","8800","9100","9000"
"Kerala","Alappuzha","Chengannur","Green Chilli","Other","14/03/2020","2300","2600","2400"
"Kerala","Alappuzha","Chengannur","Onion","Onion","14/03/2020","2500","2800","2600"
"Kerala","Alappuzha","Chengannur","Onion","Small","14/03/2020","4600","5000","4700"
"Kerala","Alappuzha","Chengannur","Snakeguard","Other","14/03/2020","2000","2100","2000"
"Kerala","Alappuzha","Chengannur","Tomato","Tomato","14/03/2020","2300","2450","2400"
"Kerala","Idukki","Vandiperiyar","Ashgourd","Other","14/03/2020","1875","1875","1875"
"Kerala","Kannur","Irikkur","Arecanut(Betelnut/Supari)","Other","14/03/2020","23500","0","23500"
"Kerala","Kannur","Irikkur","Banana","Other","14/03/2020","0","3000","3000"
"Kerala","Kannur","Irikkur","Black pepper","Other","14/03/2020","27500","0","27500"
"Kerala","Kannur","Irikkur","Rubber","Other","14/03/2020","12500","0","12500"
"Kerala","Kollam","Anchal","Amaranthus","Other","14/03/2020","5200","5400","5300"
"Kerala","Kollam","Anchal","Ashgourd","Other","14/03/2020","3300","3500","3400"
"Kerala","Kollam","Anchal","Banana","Nendra Bale","14/03/2020","4500","4700","4600"
"Kerala","Kollam","Anchal","Banana","Palayamthodan","14/03/2020","3500","3700","3600"
"Kerala","Kollam","Anchal","Banana","Poovan","14/03/2020","6000","6200","6100"
"Kerala","Kollam","Anchal","Banana","Red Banana","14/03/2020","4800","5000","4900"
"Kerala","Kollam","Anchal","Banana","Robusta","14/03/2020","3300","3500","3400"
"Kerala","Kollam","Anchal","Beetroot","Other","14/03/2020","4400","4600","4500"
"Kerala","Kollam","Anchal","Bhindi(Ladies Finger)","Other","14/03/2020","3300","3500","3400"
"Kerala","Kollam","Anchal","Bitter gourd","Other","14/03/2020","5000","5200","5100"
"Kerala","Kollam","Anchal","Bottle gourd","Other","14/03/2020","2000","2200","2100"
"Kerala","Kollam","Anchal","Brinjal","Brinjal","14/03/2020","3800","4000","3900"
"Kerala","Kollam","Anchal","Cabbage","Other","14/03/2020","3500","3700","3600"
"Kerala","Kollam","Anchal","Capsicum","Capsicum","14/03/2020","5200","5400","5300"
"Kerala","Kollam","Anchal","Carrot","Carrot","14/03/2020","6500","6700","6600"
"Kerala","Kollam","Anchal","Cauliflower","Cauliflower","14/03/2020","2800","3000","2900"
"Kerala","Kollam","Anchal","Colacasia","Other","14/03/2020","5700","5900","5800"
"Kerala","Kollam","Anchal","Cucumbar(Kheera)","Other","14/03/2020","2800","3000","2900"
"Kerala","Kollam","Anchal","Drumstick","Other","14/03/2020","6500","6700","6600"
"Kerala","Kollam","Anchal","Onion","Other","14/03/2020","7700","7900","7800"
"Kerala","Kollam","Anchal","Potato","Other","14/03/2020","3500","3700","3600"
"Kerala","Kollam","Anchal","Pumpkin","Other","14/03/2020","1300","1500","1400"
"Kerala","Kollam","Anchal","Snakeguard","Other","14/03/2020","3700","3900","3800"
"Kerala","Kollam","Anchal","Tomato","Other","14/03/2020","4000","4200","4100"
"Kerala","Kollam","Chathanoor","Banana","Palayamthodan","14/03/2020","2600","3000","2800"
"Kerala","Kollam","Chathanoor","Banana","Robusta","14/03/2020","2800","3200","3000"
"Kerala","Kollam","Chathanoor","Banana - Green","Other","14/03/2020","3800","4200","4000"
"Kerala","Kollam","Chathanoor","Cabbage","Other","14/03/2020","3800","4200","4000"
"Kerala","Kollam","Chathanoor","Indian Beans (Seam)","Other","14/03/2020","4800","5200","5000"
"Kerala","Kollam","Chathanoor","Onion","Other","14/03/2020","3300","3700","3500"
"Kerala","Kollam","Chathanoor","Potato","Other","14/03/2020","3400","3800","3600"
"Kerala","Kollam","Chathanoor","Pumpkin","Other","14/03/2020","1800","2200","2000"
"Kerala","Kottayam","Athirampuzha","Ashgourd","Ashgourd","14/03/2020","1000","1200","1100"
"Kerala","Kottayam","Athirampuzha","Banana","Banana - Ripe","14/03/2020","2000","2200","2100"
"Kerala","Kottayam","Athirampuzha","Banana","Poovan","14/03/2020","3000","3200","3100"
"Kerala","Kottayam","Athirampuzha","Banana - Green","Banana - Green","14/03/2020","2200","2400","2300"
"Kerala","Kottayam","Athirampuzha","Beetroot","Beetroot","14/03/2020","1800","2000","1900"
"Kerala","Kottayam","Athirampuzha","Bhindi(Ladies Finger)","Bhindi","14/03/2020","2600","2800","2700"
"Kerala","Kottayam","Athirampuzha","Bitter gourd","Bitter Gourd","14/03/2020","4300","4500","4400"
"Kerala","Kottayam","Athirampuzha","Bottle gourd","Bottle Gourd","14/03/2020","1800","2000","1900"
"Kerala","Kottayam","Athirampuzha","Brinjal","Brinjal","14/03/2020","1800","2000","1900"
"Kerala","Kottayam","Athirampuzha","Cabbage","Cabbage","14/03/2020","1700","1900","1800"
"Kerala","Kottayam","Athirampuzha","Carrot","Carrot","14/03/2020","4300","4500","4400"
"Kerala","Kottayam","Athirampuzha","Cauliflower","Cauliflower","14/03/2020","2300","2500","2400"
"Kerala","Kottayam","Athirampuzha","Coconut","Other","14/03/2020","4200","4400","4300"
"Kerala","Kottayam","Athirampuzha","Colacasia","Other","14/03/2020","3800","4000","3900"
"Kerala","Kottayam","Athirampuzha","Cowpea(Veg)","Cowpea (Veg)","14/03/2020","3300","3500","3400"
"Kerala","Kottayam","Athirampuzha","Cucumbar(Kheera)","Cucumbar","14/03/2020","1000","1200","1100"
"Kerala","Kottayam","Athirampuzha","Drumstick","Drumstick","14/03/2020","3000","3200","3100"
"Kerala","Kottayam","Athirampuzha","Garlic","Garlic","14/03/2020","7300","7500","7400"
"Kerala","Kottayam","Athirampuzha","Ginger(Green)","Green Ginger","14/03/2020","7300","7500","7400"
"Kerala","Kottayam","Athirampuzha","Green Chilli","Green Chilly","14/03/2020","1600","1800","1700"
"Kerala","Kottayam","Athirampuzha","Lemon","Other","14/03/2020","4300","4500","4400"
"Kerala","Kottayam","Athirampuzha","Little gourd (Kundru)","Other","14/03/2020","1400","1600","1500"
"Kerala","Kottayam","Athirampuzha","Mango (Raw-Ripe)","Mango - Raw-Ripe","14/03/2020","4300","4500","4400"
"Kerala","Kottayam","Athirampuzha","Onion","Big","14/03/2020","2400","2600","2500"
"Kerala","Kottayam","Athirampuzha","Onion","Onion","14/03/2020","4800","5000","4900"
"Kerala","Kottayam","Athirampuzha","Pineapple","Other","14/03/2020","3400","3600","3500"
"Kerala","Kottayam","Athirampuzha","Potato","Potato","14/03/2020","2400","2600","2500"
"Kerala","Kottayam","Athirampuzha","Pumpkin","Pumpkin","14/03/2020","1000","1200","1100"
"Kerala","Kottayam","Athirampuzha","Snakeguard","Snakeguard","14/03/2020","1300","1500","1400"
"Kerala","Kottayam","Athirampuzha","Tomato","Tomato","14/03/2020","1800","2000","1900"
"Kerala","Kottayam","Ettumanoor","Ashgourd","Other","14/03/2020","1100","1300","1200"
"Kerala","Kottayam","Ettumanoor","Banana","Banana - Ripe","14/03/2020","2500","2700","2600"
"Kerala","Kottayam","Ettumanoor","Banana - Green","Banana - Green","14/03/2020","2100","2300","2200"
"Kerala","Kottayam","Ettumanoor","Beetroot","Other","14/03/2020","1500","1700","1600"
"Kerala","Kottayam","Ettumanoor","Bhindi(Ladies Finger)","Other","14/03/2020","2200","2400","2300"
"Kerala","Kottayam","Ettumanoor","Bitter gourd","Other","14/03/2020","3200","3400","3300"
"Kerala","Kottayam","Ettumanoor","Brinjal","Other","14/03/2020","1700","1900","1800"
"Kerala","Kottayam","Ettumanoor","Cabbage","Other","14/03/2020","1700","1900","1800"
"Kerala","Kottayam","Ettumanoor","Carrot","Carrot","14/03/2020","3700","3900","3900"
"Kerala","Kottayam","Ettumanoor","Cluster beans","Other","14/03/2020","2200","2400","2300"
"Kerala","Kottayam","Ettumanoor","Coconut","Medium","14/03/2020","3500","3700","3600"
"Kerala","Kottayam","Ettumanoor","Colacasia","Other","14/03/2020","4100","4300","4200"
"Kerala","Kottayam","Ettumanoor","Cucumbar(Kheera)","Cucumbar","14/03/2020","1500","1700","1600"
"Kerala","Kottayam","Ettumanoor","Drumstick","Drumstick","14/03/2020","3100","3300","3200"
"Kerala","Kottayam","Ettumanoor","Elephant Yam (Suran)","Other","14/03/2020","1800","2000","2000"
"Kerala","Kottayam","Ettumanoor","Ginger(Green)","Green Ginger","14/03/2020","5500","5700","5600"
"Kerala","Kottayam","Ettumanoor","Green Chilli","Green Chilly","14/03/2020","1600","1800","1700"
"Kerala","Kottayam","Ettumanoor","Little gourd (Kundru)","Other","14/03/2020","1400","1600","1500"
"Kerala","Kottayam","Ettumanoor","Mango (Raw-Ripe)","Mango - Raw-Ripe","14/03/2020","4200","4400","4300"
"Kerala","Kottayam","Ettumanoor","Onion","Big","14/03/2020","2200","2400","2300"
"Kerala","Kottayam","Ettumanoor","Onion","Onion","14/03/2020","5000","5200","5100"
"Kerala","Kottayam","Ettumanoor","Potato","Potato","14/03/2020","2200","2400","2300"
"Kerala","Kottayam","Ettumanoor","Pumpkin","Pumpkin","14/03/2020","1000","1200","1100"
"Kerala","Kottayam","Ettumanoor","Snakeguard","Snakeguard","14/03/2020","1200","1400","1300"
"Kerala","Kottayam","Ettumanoor","Tapioca","Tapioca","14/03/2020","1400","1500","1500"
"Kerala","Kottayam","Ettumanoor","Tomato","Tomato","14/03/2020","2000","2200","2100"
"Kerala","Kottayam","Kanjirappally","Amphophalus","Other","14/03/2020","2400","2800","2600"
"Kerala","Kottayam","Kanjirappally","Banana","Banana - Ripe","14/03/2020","3000","3500","3200"
"Kerala","Kottayam","Kanjirappally","Banana - Green","Banana - Green","14/03/2020","2500","3000","2800"
"Kerala","Kottayam","Kanjirappally","Beetroot","Beetroot","14/03/2020","2400","2800","2600"
"Kerala","Kottayam","Kanjirappally","Bhindi(Ladies Finger)","Bhindi","14/03/2020","3500","4000","3800"
"Kerala","Kottayam","Kanjirappally","Bitter gourd","Bitter Gourd","14/03/2020","3500","4000","3800"
"Kerala","Kottayam","Kanjirappally","Brinjal","Brinjal","14/03/2020","2400","2800","2600"
"Kerala","Kottayam","Kanjirappally","Cabbage","Cabbage","14/03/2020","2400","2800","2600"
"Kerala","Kottayam","Kanjirappally","Carrot","Carrot","14/03/2020","5500","6000","5800"
"Kerala","Kottayam","Kanjirappally","Cluster beans","Cluster Beans","14/03/2020","3000","3400","3200"
"Kerala","Kottayam","Kanjirappally","Coconut","Medium","14/03/2020","4000","4600","4400"
"Kerala","Kottayam","Kanjirappally","Colacasia","Other","14/03/2020","4500","5000","4800"
"Kerala","Kottayam","Kanjirappally","Cowpea(Veg)","Cowpea (Veg)","14/03/2020","3500","4000","3800"
"Kerala","Kottayam","Kanjirappally","Cucumbar(Kheera)","Cucumbar","14/03/2020","2400","2800","2600"
"Kerala","Kottayam","Kanjirappally","Drumstick","Drumstick","14/03/2020","5500","6000","5800"
"Kerala","Kottayam","Kanjirappally","Ginger(Green)","Green Ginger","14/03/2020","9000","10000","9800"
"Kerala","Kottayam","Kanjirappally","Green Chilli","Green Chilly","14/03/2020","3500","4000","3800"
"Kerala","Kottayam","Kanjirappally","Little gourd (Kundru)","Other","14/03/2020","2400","2800","2600"
"Kerala","Kottayam","Kanjirappally","Onion","Big","14/03/2020","3000","3500","3200"
"Kerala","Kottayam","Kanjirappally","Onion","Onion","14/03/2020","5500","6000","5800"
"Kerala","Kottayam","Kanjirappally","Potato","Potato","14/03/2020","3000","3400","3200"
"Kerala","Kottayam","Kanjirappally","Pumpkin","Pumpkin","14/03/2020","2400","2800","2600"
"Kerala","Kottayam","Kanjirappally","Snakeguard","Snakeguard","14/03/2020","2400","2800","2600"
"Kerala","Kottayam","Kanjirappally","Tapioca","Tapioca","14/03/2020","2000","2500","2200"
"Kerala","Kottayam","Kanjirappally","Tomato","Tomato","14/03/2020","2400","2800","2600"
"Kerala","Kozhikode(Calicut)","Kallachi","Amaranthus","Amaranthus","14/03/2020","2200","2600","2400"
"Kerala","Kozhikode(Calicut)","Kallachi","Amphophalus","Amphophalus","14/03/2020","2300","2700","2500"
"Kerala","Kozhikode(Calicut)","Kallachi","Ashgourd","Ashgourd","14/03/2020","1200","1600","1400"
"Kerala","Kozhikode(Calicut)","Kallachi","Banana","Nendra Bale","14/03/2020","2400","2800","2600"
"Kerala","Kozhikode(Calicut)","Kallachi","Banana","Palayamthodan","14/03/2020","4200","4600","4400"
"Kerala","Kozhikode(Calicut)","Kallachi","Banana","Rasakathai","14/03/2020","4200","4600","4400"
"Kerala","Kozhikode(Calicut)","Kallachi","Bitter gourd","Bitter Gourd","14/03/2020","3000","3400","3200"
"Kerala","Kozhikode(Calicut)","Kallachi","Bottle gourd","Bottle Gourd","14/03/2020","1800","2200","2000"
"Kerala","Kozhikode(Calicut)","Kallachi","Brinjal","Brinjal","14/03/2020","1300","1700","1500"
"Kerala","Kozhikode(Calicut)","Kallachi","Cabbage","Cabbage","14/03/2020","1400","1800","1600"
"Kerala","Kozhikode(Calicut)","Kallachi","Carrot","Carrot","14/03/2020","4800","5200","5000"
"Kerala","Kozhikode(Calicut)","Kallachi","Cluster beans","Cluster Beans","14/03/2020","1800","2200","2000"
"Kerala","Kozhikode(Calicut)","Kallachi","Cowpea(Veg)","Cowpea (Veg)","14/03/2020","1800","2200","2000"
"Kerala","Kozhikode(Calicut)","Kallachi","Drumstick","Drumstick","14/03/2020","2600","3000","2800"
"Kerala","Kozhikode(Calicut)","Kallachi","Ginger(Green)","Green Ginger","14/03/2020","6800","7200","7000"
"Kerala","Kozhikode(Calicut)","Kallachi","Green Chilli","Green Chilly","14/03/2020","1800","2000","2000"
"Kerala","Kozhikode(Calicut)","Kallachi","Onion","Other","14/03/2020","2000","2400","2200"
"Kerala","Kozhikode(Calicut)","Kallachi","Potato","Other","14/03/2020","2300","2700","2500"
"Kerala","Kozhikode(Calicut)","Kallachi","Pumpkin","Pumpkin","14/03/2020","2000","2400","2200"
"Kerala","Kozhikode(Calicut)","Kallachi","Snakeguard","Snakeguard","14/03/2020","1800","2000","2000"
"Kerala","Kozhikode(Calicut)","Kallachi","Tomato","Tomato","14/03/2020","1400","1800","1600"
"Kerala","Thirssur","Kodungalloor","Sweet Potato","Other","14/03/2020","2400","2400","2400"
"Madhya Pradesh","Dewas","Khategaon","Wheat","Other","14/03/2020","1780","1780","1780"
"Madhya Pradesh","Ratlam","Taal","Wheat","Medium","14/03/2020","1600","1800","1750"
"Madhya Pradesh","Singroli","Singroli","Paddy(Dhan)(Common)","Other","14/03/2020","1300","1300","1300"
"Odisha","Bargarh","Bargarh(Barapalli)","Cauliflower","Other","14/03/2020","2000","2800","2500"
"Odisha","Bargarh","Bargarh(Barapalli)","Onion","Other","14/03/2020","2000","3000","2500"
"Odisha","Bargarh","Bargarh(Barapalli)","Potato","Other","14/03/2020","1800","2200","2000"
"Odisha","Bargarh","Bargarh(Barapalli)","Tomato","Other","14/03/2020","500","800","600"
"Odisha","Bargarh","Padampur","Brinjal","Brinjal","14/03/2020","1800","2000","1900"
"Odisha","Bargarh","Padampur","Cabbage","Other","14/03/2020","1600","1800","1700"
"Odisha","Bargarh","Padampur","Cauliflower","Cauliflower","14/03/2020","1500","1700","1600"
"Odisha","Bargarh","Padampur","Green Chilli","Other","14/03/2020","3800","4000","3900"
"Odisha","Bargarh","Padampur","Pumpkin","Other","14/03/2020","2800","3000","2900"
"Odisha","Bargarh","Padampur","Tomato","Other","14/03/2020","700","900","800"
"Odisha","Bargarh","Sohela","Bhindi(Ladies Finger)","Other","14/03/2020","4100","4300","4200"
"Odisha","Bargarh","Sohela","Brinjal","Other","14/03/2020","1500","1700","1600"
"Odisha","Bargarh","Sohela","Cabbage","Other","14/03/2020","1300","1500","1400"
"Odisha","Bargarh","Sohela","Cauliflower","Other","14/03/2020","1400","1600","1500"
"Odisha","Bargarh","Sohela","Green Chilli","Other","14/03/2020","4200","4400","4300"
"Odisha","Bargarh","Sohela","Pumpkin","Other","14/03/2020","3000","3200","3100"
"Odisha","Bargarh","Sohela","Tomato","Deshi","14/03/2020","500","700","600"
"Odisha","Cuttack","Banki","Bhindi(Ladies Finger)","Bhindi","14/03/2020","2500","3000","2800"
"Odisha","Cuttack","Banki","Bitter gourd","Other","14/03/2020","3000","4000","3500"
"Odisha","Cuttack","Banki","Brinjal","Other","14/03/2020","3000","4000","3500"
"Odisha","Cuttack","Banki","Cabbage","Other","14/03/2020","1600","2000","1800"
"Odisha","Cuttack","Banki","Cauliflower","Cauliflower","14/03/2020","2000","2400","2200"
"Odisha","Cuttack","Banki","Pumpkin","Other","14/03/2020","1800","2400","2000"
"Odisha","Cuttack","Banki","Tomato","Other","14/03/2020","1800","2400","2000"
"Odisha","Dhenkanal","Hindol","Banana - Green","Other","14/03/2020","2600","2800","2700"
"Odisha","Dhenkanal","Hindol","Beans","Other","14/03/2020","2700","3000","2800"
"Odisha","Dhenkanal","Hindol","Bhindi(Ladies Finger)","Bhindi","14/03/2020","4000","4500","4200"
"Odisha","Dhenkanal","Hindol","Bitter gourd","Bitter Gourd","14/03/2020","3800","4200","4000"
"Odisha","Dhenkanal","Hindol","Brinjal","Brinjal","14/03/2020","2000","2500","2200"
"Odisha","Dhenkanal","Hindol","Cucumbar(Kheera)","Cucumbar","14/03/2020","1800","2000","1900"
"Odisha","Dhenkanal","Hindol","Onion","Other","14/03/2020","2000","2400","2200"
"Odisha","Dhenkanal","Hindol","Potato","Potato","14/03/2020","1600","1800","1700"
"Odisha","Dhenkanal","Hindol","Pumpkin","Pumpkin","14/03/2020","1400","1600","1500"
"Odisha","Dhenkanal","Hindol","Tomato","Tomato","14/03/2020","1200","1500","1400"
"Odisha","Gajapati","Kasinagar","Brinjal","Other","14/03/2020","1500","2000","2000"
"Odisha","Gajapati","Parlakhemundi","Banana - Green","Other","14/03/2020","2000","3000","3000"
"Odisha","Gajapati","Parlakhemundi","Brinjal","Other","14/03/2020","1500","2000","2000"
"Odisha","Gajapati","Parlakhemundi","Tomato","Tomato","14/03/2020","1500","2000","2000"
"Odisha","Jajpur","Jajpur","Bhindi(Ladies Finger)","Bhindi","14/03/2020","3000","3500","3500"
"Odisha","Jajpur","Jajpur","Bitter gourd","Bitter Gourd","14/03/2020","800","1200","1000"
"Odisha","Jajpur","Jajpur","Brinjal","Round/Long","14/03/2020","1200","1500","1500"
"Odisha","Jajpur","Jajpur","Cabbage","Cabbage","14/03/2020","1400","1600","1600"
"Odisha","Jajpur","Jajpur","Capsicum","Capsicum","14/03/2020","2500","3500","3000"
"Odisha","Jajpur","Jajpur","Carrot","Carrot","14/03/2020","1200","2000","2000"
"Odisha","Jajpur","Jajpur","Cauliflower","Cauliflower","14/03/2020","1200","1800","1800"
"Odisha","Jajpur","Jajpur","Cucumbar(Kheera)","Cucumbar","14/03/2020","800","1200","1200"
"Odisha","Jajpur","Jajpur","Drumstick","Drumstick","14/03/2020","4000","5000","4500"
"Odisha","Jajpur","Jajpur","Green Chilli","Green Chilly","14/03/2020","2000","3000","3000"
"Odisha","Jajpur","Jajpur","Onion","Onion","14/03/2020","2000","2300","2300"
"Odisha","Jajpur","Jajpur","Paddy(Dhan)(Common)","1001","14/03/2020","1815","1815","1815"
"Odisha","Jajpur","Jajpur","Pointed gourd (Parval)","Pointed gourd (Parval)","14/03/2020","10000","12000","12000"
"Odisha","Jajpur","Jajpur","Potato","Potato","14/03/2020","1200","1280","1280"
"Odisha","Mayurbhanja","Karanjia","Bhindi(Ladies Finger)","Other","14/03/2020","4500","5000","4800"
"Odisha","Mayurbhanja","Karanjia","Fish","Other","14/03/2020","17000","19000","18000"
"Odisha","Mayurbhanja","Karanjia","Paddy(Dhan)(Common)","Other","14/03/2020","1550","1815","1750"
"Odisha","Mayurbhanja","Karanjia","Rice","Common","14/03/2020","2500","2530","2520"
"Odisha","Mayurbhanja","Karanjia","Rice","Other","14/03/2020","2450","2470","2460"
"Odisha","Nowarangpur","Nawarangpur","Broken Rice","Broken Rice","14/03/2020","1600","1950","1600"
"Odisha","Nowarangpur","Nawarangpur","Gur(Jaggery)","NO 2","14/03/2020","2000","2000","2000"
"Odisha","Nowarangpur","Nawarangpur","Maize","Hybrid/Local","14/03/2020","1700","1760","1700"
"Punjab","Amritsar","Rayya","Brinjal","Brinjal","14/03/2020","2000","2000","2000"
"Punjab","Amritsar","Rayya","Carrot","Carrot","14/03/2020","1900","1900","1900"
"Punjab","Amritsar","Rayya","Cauliflower","Local","14/03/2020","2000","2000","2000"
"Punjab","Amritsar","Rayya","Potato","Other","14/03/2020","1300","1300","1300"
"Punjab","Amritsar","Rayya","Tomato","Hybrid","14/03/2020","1900","1900","1900"
"Punjab","Hoshiarpur","Garh Shankar","Apple","Other","14/03/2020","4000","5000","4500"
"Punjab","Hoshiarpur","Garh Shankar","Banana","Medium","14/03/2020","1500","1700","1600"
"Punjab","Hoshiarpur","Garh Shankar","Bhindi(Ladies Finger)","Bhindi","14/03/2020","4000","5000","4500"
"Punjab","Hoshiarpur","Garh Shankar","Capsicum","Capsicum","14/03/2020","2500","2800","2700"
"Punjab","Hoshiarpur","Garh Shankar","Carrot","Carrot","14/03/2020","1500","1800","1700"
"Punjab","Hoshiarpur","Garh Shankar","Cauliflower","Cauliflower","14/03/2020","1000","1500","1300"
"Punjab","Hoshiarpur","Garh Shankar","Field Pea","Field Pea","14/03/2020","1000","1500","1300"
"Punjab","Hoshiarpur","Garh Shankar","Ginger(Green)","Green Ginger","14/03/2020","4000","5000","4500"
"Punjab","Hoshiarpur","Garh Shankar","Grapes","Other","14/03/2020","3000","3500","3300"
"Punjab","Hoshiarpur","Garh Shankar","Green Chilli","Green Chilly","14/03/2020","2000","2800","2500"
"Punjab","Hoshiarpur","Garh Shankar","Kinnow","Other","14/03/2020","1000","1500","1300"
"Punjab","Hoshiarpur","Garh Shankar","Lemon","Other","14/03/2020","2000","2500","2300"
"Punjab","Hoshiarpur","Garh Shankar","Onion","Other","14/03/2020","1700","2000","1900"
"Punjab","Hoshiarpur","Garh Shankar","Potato","Other","14/03/2020","500","1200","900"
"Punjab","Hoshiarpur","Garh Shankar","Tomato","Deshi","14/03/2020","1300","1700","1500"
"Punjab","Hoshiarpur","GarhShankar (Kotfatuhi)","Banana","Other","14/03/2020","1500","1700","1600"
"Punjab","Hoshiarpur","GarhShankar (Kotfatuhi)","Cauliflower","Other","14/03/2020","1500","1800","1700"
"Punjab","Hoshiarpur","GarhShankar (Kotfatuhi)","Green Chilli","Other","14/03/2020","2000","2800","2500"
"Punjab","Hoshiarpur","GarhShankar (Kotfatuhi)","Onion","Other","14/03/2020","1800","2200","2000"
"Punjab","Hoshiarpur","GarhShankar (Kotfatuhi)","Potato","Other","14/03/2020","600","1000","900"
"Punjab","Hoshiarpur","GarhShankar (Kotfatuhi)","Spinach","Other","14/03/2020","800","1000","900"
"Punjab","Hoshiarpur","GarhShankar (Kotfatuhi)","Tomato","Other","14/03/2020","1200","1700","1500"
"Punjab","Patiala","Ghanaur","Bottle gourd","Bottle Gourd","14/03/2020","1500","2000","1800"
"Punjab","Patiala","Ghanaur","Carrot","Other","14/03/2020","1500","1500","1500"
"Punjab","Patiala","Ghanaur","Onion","Other","14/03/2020","2500","3000","3000"
"Punjab","Tarntaran","Patti","Apple","Other","14/03/2020","5500","7000","6500"
"Punjab","Tarntaran","Patti","Banana","Other","14/03/2020","1500","1800","1600"
"Punjab","Tarntaran","Patti","Brinjal","Other","14/03/2020","1500","2000","1800"
"Punjab","Tarntaran","Patti","Cabbage","Other","14/03/2020","1000","1500","1300"
"Punjab","Tarntaran","Patti","Capsicum","Other","14/03/2020","3000","3800","3400"
"Punjab","Tarntaran","Patti","Carrot","Other","14/03/2020","1000","1600","1350"
"Punjab","Tarntaran","Patti","Cauliflower","Other","14/03/2020","1300","1900","1600"
"Punjab","Tarntaran","Patti","Coriander(Leaves)","Other","14/03/2020","400","600","500"
"Punjab","Tarntaran","Patti","Cucumbar(Kheera)","Other","14/03/2020","1600","2000","1800"
"Punjab","Tarntaran","Patti","Garlic","Other","14/03/2020","7000","8000","7500"
"Punjab","Tarntaran","Patti","Ginger(Dry)","Other","14/03/2020","4800","6000","5300"
"Punjab","Tarntaran","Patti","Green Chilli","Other","14/03/2020","2700","3600","3400"
"Punjab","Tarntaran","Patti","Methi(Leaves)","Other","14/03/2020","500","800","700"
"Punjab","Tarntaran","Patti","Onion","Other","14/03/2020","1800","2300","2100"
"Punjab","Tarntaran","Patti","Papaya","Other","14/03/2020","1900","2500","2000"
"Punjab","Tarntaran","Patti","Peas Wet","Other","14/03/2020","1200","1600","1400"
"Punjab","Tarntaran","Patti","Potato","Other","14/03/2020","700","800","700"
"Punjab","Tarntaran","Patti","Raddish","Other","14/03/2020","900","1200","1000"
"Punjab","Tarntaran","Patti","Tomato","Other","14/03/2020","1000","1500","1200"
"Rajasthan","Bhilwara","Bhilwara","Garlic","Other","14/03/2020","4000","8000","6000"
"Rajasthan","Bhilwara","Bhilwara","Onion","Other","14/03/2020","1200","2000","1600"
"Rajasthan","Bhilwara","Bhilwara","Potato","Other","14/03/2020","1500","1700","1600"
"Rajasthan","Bhilwara","Bhilwara","Tomato","Other","14/03/2020","500","1100","800"
"Rajasthan","Hanumangarh","Suratgarh","Cotton","American","14/03/2020","4350","4611","4437"
"Rajasthan","Hanumangarh","Suratgarh","Cotton","Desi","14/03/2020","4721","4721","4721"
"Rajasthan","Hanumangarh","Suratgarh","Garlic","Average","14/03/2020","7400","7450","7420"
"Rajasthan","Hanumangarh","Suratgarh","Guar","Other","14/03/2020","2700","2700","2700"
"Rajasthan","Hanumangarh","Suratgarh","Onion","1st Sort","14/03/2020","2200","2260","2230"
"Rajasthan","Hanumangarh","Suratgarh","Wheat","Other","14/03/2020","1911","1950","1930"
"Rajasthan","Jalore","Jalore","Bhindi(Ladies Finger)","Other","14/03/2020","3000","3500","3200"
"Rajasthan","Jalore","Jalore","Bottle gourd","Other","14/03/2020","1000","1200","1100"
"Rajasthan","Jalore","Jalore","Brinjal","Other","14/03/2020","1200","1500","1300"
"Rajasthan","Jalore","Jalore","Cabbage","Other","14/03/2020","400","600","500"
"Rajasthan","Jalore","Jalore","Cauliflower","Other","14/03/2020","1500","1800","1600"
"Rajasthan","Jalore","Jalore","Coriander(Leaves)","Other","14/03/2020","2000","2500","2200"
"Rajasthan","Jalore","Jalore","Green Chilli","Other","14/03/2020","2500","3000","2800"
"Rajasthan","Jalore","Jalore","Lemon","Other","14/03/2020","4000","4500","4200"
"Rajasthan","Jalore","Jalore","Onion","Other","14/03/2020","1800","2000","1900"
"Rajasthan","Jalore","Jalore","Potato","Other","14/03/2020","1200","1500","1300"
"Rajasthan","Jalore","Jalore","Tinda","Other","14/03/2020","3500","4000","3700"
"Rajasthan","Jalore","Jalore","Tomato","Other","14/03/2020","500","800","600"
"Rajasthan","Sikar","Surajgarh","Guar","Other","14/03/2020","3300","3300","3300"
"Tamil Nadu","Coimbatore","Karamadai","Coconut","Other","14/03/2020","2000","3000","2500"
"Tamil Nadu","Coimbatore","Pollachi","Coconut","Other","14/03/2020","2210","3340","2830"
"Tamil Nadu","Coimbatore","Pudupalayam","Coconut","Coconut","14/03/2020","3300","3500","3400"
"Tamil Nadu","Erode","Avalpoonthurai","Coconut","Coconut","14/03/2020","2989","3885","3699"
"Tamil Nadu","Namakkal","Namagiripettai","Turmeric","Bulb","14/03/2020","4900","5910","5430"
"Tamil Nadu","Namakkal","Namagiripettai","Turmeric","Finger","14/03/2020","6100","7010","6570"
"Tamil Nadu","Namakkal","Namakkal","Copra","other","14/03/2020","7065","7840","7230"
"Tamil Nadu","Namakkal","Rasipuram","Copra","other","14/03/2020","7100","10400","8750"
"Tamil Nadu","Namakkal","Tiruchengode","Turmeric","Bulb","14/03/2020","5706","6399","6100"
"Tamil Nadu","Namakkal","Tiruchengode","Turmeric","Finger","14/03/2020","7299","8332","7800"
"Tamil Nadu","Namakkal","Velur","Coconut","Other","14/03/2020","2250","2560","2405"
"Telangana","Adilabad","Adilabad","Cotton","Cotton (Unginned)","14/03/2020","3500","4740","4115"
"Telangana","Adilabad","Bhainsa","Cotton","Cotton (Unginned)","14/03/2020","4500","5000","4800"
"Telangana","Adilabad","Khanapur","Paddy(Dhan)(Common)","MTU-1010","14/03/2020","1835","1835","1835"
"Telangana","Adilabad","Kuber","Cotton","Cotton (Unginned)","14/03/2020","5355","5355","5355"
"Telangana","Karimnagar","Huzzurabad","Cotton","Cotton (Unginned)","14/03/2020","5250","5450","5318"
"Telangana","Karimnagar","Huzzurabad","Maize","Deshi Red","14/03/2020","1760","1760","1760"
"Telangana","Karimnagar","Huzzurabad","Paddy(Dhan)(Common)","MTU-1010","14/03/2020","1835","1835","1835"
"Telangana","Karimnagar","Karimnagar","Arhar (Tur/Red Gram)(Whole)","Local","14/03/2020","3528","4369","4116"
"Telangana","Khammam","Burgampadu","Cotton","Cotton (Unginned)","14/03/2020","5200","5500","5300"
"Telangana","Khammam","Kothagudem","Cotton","Cotton (Unginned)","14/03/2020","5300","5550","5400"
"Telangana","Nalgonda","Chandur(Mungodu)","Paddy(Dhan)(Common)","I.R. 64","14/03/2020","1750","1750","1750"
"Telangana","Nalgonda","Huzurnagar","Paddy(Dhan)(Common)","B P T","14/03/2020","1835","1835","1835"
"Telangana","Nalgonda","Kodad","Paddy(Dhan)(Common)","B P T","14/03/2020","1835","1835","1835"
"Telangana","Nalgonda","Miryalaguda","Paddy(Dhan)(Common)","MTU-1010","14/03/2020","1835","1835","1835"
"Telangana","Nalgonda","Nakrekal","Paddy(Dhan)(Common)","MTU-1010","14/03/2020","1835","1835","1835"
"Telangana","Nalgonda","Neredcherla","Paddy(Dhan)(Common)","B P T","14/03/2020","1815","1815","1815"
"Telangana","Ranga Reddy","Medchal","Paddy(Dhan)(Common)","I.R. 64","14/03/2020","1835","1835","1835"
"Telangana","Warangal","Kesamudram","Paddy(Dhan)(Common)","HMT","14/03/2020","1950","1950","1950"
"Tripura","Dhalai","Kulai","Bitter gourd","Bitter Gourd","14/03/2020","5800","6000","5900"
"Tripura","Dhalai","Kulai","Cabbage","Cabbage","14/03/2020","500","700","600"
"Tripura","Dhalai","Kulai","Cucumbar(Kheera)","Cucumbar","14/03/2020","1000","1200","1100"
"Tripura","Dhalai","Kulai","Green Chilli","Green Chilly","14/03/2020","4300","4500","4400"
"Tripura","Dhalai","Kulai","Potato","Local","14/03/2020","1400","1600","1500"
"Tripura","Dhalai","Kulai","Rice","Masuri","14/03/2020","3000","3200","3100"
"Tripura","Dhalai","Kulai","Tomato","Local","14/03/2020","1000","1200","1100"
"Tripura","Gomati","Garjee","Bitter gourd","Bitter Gourd","14/03/2020","5000","6000","5880"
"Tripura","Gomati","Garjee","Ginger(Green)","Green Ginger","14/03/2020","6000","7000","6870"
"Tripura","Gomati","Garjee","Green Chilli","Green Chilly","14/03/2020","5000","5500","5450"
"Tripura","Gomati","Garjee","Potato","Jyoti","14/03/2020","1700","1800","1780"
"Tripura","South District","Santir Bazar","Potato","Potato","14/03/2020","1700","1900","1800"
"Uttar Pradesh","Agra","Fatehabad","Apple","Delicious","14/03/2020","5400","5450","5420"
"Uttar Pradesh","Agra","Fatehabad","Banana","Banana - Ripe","14/03/2020","1050","1100","1070"
"Uttar Pradesh","Agra","Fatehabad","Barley (Jau)","Dara","14/03/2020","1700","1750","1720"
"Uttar Pradesh","Agra","Fatehabad","Bottle gourd","Bottle Gourd","14/03/2020","800","850","820"
"Uttar Pradesh","Agra","Fatehabad","Brinjal","Round","14/03/2020","800","850","820"
"Uttar Pradesh","Agra","Fatehabad","Cabbage","Cabbage","14/03/2020","1200","1250","1220"
"Uttar Pradesh","Agra","Fatehabad","Cauliflower","Cauliflower","14/03/2020","700","750","720"
"Uttar Pradesh","Agra","Fatehabad","Cucumbar(Kheera)","Cucumbar","14/03/2020","1200","1250","1220"
"Uttar Pradesh","Agra","Fatehabad","Ginger(Green)","Green Ginger","14/03/2020","3500","3600","3540"
"Uttar Pradesh","Agra","Fatehabad","Green Chilli","Green Chilly","14/03/2020","1200","1250","1220"
"Uttar Pradesh","Agra","Fatehabad","Gur(Jaggery)","Pathari","14/03/2020","3200","3250","3220"
"Uttar Pradesh","Agra","Fatehabad","Lemon","Lemon","14/03/2020","1800","1850","1830"
"Uttar Pradesh","Agra","Fatehabad","Mousambi(Sweet Lime)","Mousambi","14/03/2020","2200","2250","2220"
"Uttar Pradesh","Agra","Fatehabad","Mustard","Sarson(Black)","14/03/2020","3550","3600","3580"
"Uttar Pradesh","Agra","Fatehabad","Onion","Red","14/03/2020","2000","2050","2020"
"Uttar Pradesh","Agra","Fatehabad","Papaya","Papaya","14/03/2020","1200","1300","1250"
"Uttar Pradesh","Agra","Fatehabad","Potato","Desi","14/03/2020","800","900","850"
"Uttar Pradesh","Agra","Fatehabad","Pumpkin","Pumpkin","14/03/2020","700","750","720"
"Uttar Pradesh","Agra","Fatehabad","Raddish","Raddish","14/03/2020","500","600","550"
"Uttar Pradesh","Agra","Fatehabad","Rice","III","14/03/2020","2300","2350","2320"
"Uttar Pradesh","Agra","Fatehabad","Tomato","Deshi","14/03/2020","650","750","700"
"Uttar Pradesh","Agra","Fatehabad","Wheat","Dara","14/03/2020","1850","1920","1900"
"Uttar Pradesh","Auraiya","Achalda","Apple","Delicious","14/03/2020","6000","6100","6050"
"Uttar Pradesh","Auraiya","Achalda","Arhar Dal(Tur Dal)","Arhar Dal(Tur)","14/03/2020","7800","7900","7820"
"Uttar Pradesh","Auraiya","Achalda","Bajra(Pearl Millet/Cumbu)","Bold","14/03/2020","1560","1600","1580"
"Uttar Pradesh","Auraiya","Achalda","Banana","Banana - Ripe","14/03/2020","2300","2450","2400"
"Uttar Pradesh","Auraiya","Achalda","Bengal Gram(Gram)(Whole)","Desi (Whole)","14/03/2020","4600","4780","4700"
"Uttar Pradesh","Auraiya","Achalda","Bhindi(Ladies Finger)","Bhindi","14/03/2020","2450","2560","2500"
"Uttar Pradesh","Auraiya","Achalda","Black Gram Dal (Urd Dal)","Black Gram Dal","14/03/2020","11400","11600","11500"
"Uttar Pradesh","Auraiya","Achalda","Bottle gourd","Bottle Gourd","14/03/2020","1500","1600","1560"
"Uttar Pradesh","Auraiya","Achalda","Brinjal","Round/Long","14/03/2020","1600","1750","1680"
"Uttar Pradesh","Auraiya","Achalda","Garlic","Garlic","14/03/2020","8000","8200","8100"
"Uttar Pradesh","Auraiya","Achalda","Green Chilli","Green Chilly","14/03/2020","2450","2560","2500"
"Uttar Pradesh","Auraiya","Achalda","Gur(Jaggery)","Red","14/03/2020","3300","3450","3400"
"Uttar Pradesh","Auraiya","Achalda","Mustard","Lohi Black","14/03/2020","3800","3900","3820"
"Uttar Pradesh","Auraiya","Achalda","Mustard Oil","Mustard Oil","14/03/2020","9200","9350","9300"
"Uttar Pradesh","Auraiya","Achalda","Onion","Red","14/03/2020","2000","2100","2050"
"Uttar Pradesh","Auraiya","Achalda","Potato","Badshah","14/03/2020","1300","1400","1350"
"Uttar Pradesh","Auraiya","Achalda","Pumpkin","Pumpkin","14/03/2020","1650","1720","1700"
"Uttar Pradesh","Auraiya","Achalda","Rice","III","14/03/2020","2650","2720","2700"
"Uttar Pradesh","Auraiya","Achalda","Tomato","Hybrid","14/03/2020","900","1000","940"
"Uttar Pradesh","Auraiya","Achalda","Wheat","Dara","14/03/2020","1960","1980","1970"
"Uttar Pradesh","Badaun","Badayoun","Apple","Delicious","14/03/2020","5680","5900","5740"
"Uttar Pradesh","Badaun","Badayoun","Banana - Green","Banana - Green","14/03/2020","1260","1360","1310"
"Uttar Pradesh","Badaun","Badayoun","Bengal Gram(Gram)(Whole)","Desi (Whole)","14/03/2020","5040","5120","5075"
"Uttar Pradesh","Badaun","Badayoun","Bhindi(Ladies Finger)","Bhindi","14/03/2020","2200","2400","2310"
"Uttar Pradesh","Badaun","Badayoun","Bitter gourd","Bitter Gourd","14/03/2020","2280","2450","2340"
"Uttar Pradesh","Badaun","Badayoun","Black Gram (Urd Beans)(Whole)","Black Gram (Whole)","14/03/2020","6810","6930","6880"
"Uttar Pradesh","Badaun","Badayoun","Bottle gourd","Bottle Gourd","14/03/2020","1100","1250","1170"
"Uttar Pradesh","Badaun","Badayoun","Brinjal","Brinjal","14/03/2020","1300","1450","1380"
"Uttar Pradesh","Badaun","Badayoun","Cabbage","Cabbage","14/03/2020","950","1100","1009"
"Uttar Pradesh","Badaun","Badayoun","Capsicum","Capsicum","14/03/2020","1830","1920","1880"
"Uttar Pradesh","Badaun","Badayoun","Carrot","Carrot","14/03/2020","1080","1200","1130"
"Uttar Pradesh","Badaun","Badayoun","Cauliflower","Cauliflower","14/03/2020","970","1100","1040"
"Uttar Pradesh","Badaun","Badayoun","Cucumbar(Kheera)","Cucumbar","14/03/2020","1100","1250","1190"
"Uttar Pradesh","Badaun","Badayoun","Ginger(Green)","Green Ginger","14/03/2020","5300","5600","5400"
"Uttar Pradesh","Badaun","Badayoun","Green Chilli","Green Chilly","14/03/2020","1700","1810","1750"
"Uttar Pradesh","Badaun","Badayoun","Guava","Guava","14/03/2020","1700","1850","1780"
"Uttar Pradesh","Badaun","Badayoun","Gur(Jaggery)","Red","14/03/2020","3100","3200","3125"
"Uttar Pradesh","Badaun","Badayoun","Lemon","Lemon","14/03/2020","2600","2700","2660"
"Uttar Pradesh","Badaun","Badayoun","Mustard","Sarson(Black)","14/03/2020","4170","4260","4225"
"Uttar Pradesh","Badaun","Badayoun","Onion","Nasik","14/03/2020","2000","2250","2115"
"Uttar Pradesh","Badaun","Badayoun","Papaya","Papaya","14/03/2020","1800","1920","1875"
"Uttar Pradesh","Badaun","Badayoun","Potato","Desi","14/03/2020","1109","1250","1160"
"Uttar Pradesh","Badaun","Badayoun","Pumpkin","Pumpkin","14/03/2020","1100","1230","1180"
"Uttar Pradesh","Badaun","Badayoun","Rice","III","14/03/2020","2600","2670","2630"
"Uttar Pradesh","Badaun","Badayoun","Ridgeguard(Tori)","Ridgeguard(Tori)","14/03/2020","2350","2500","2390"
"Uttar Pradesh","Badaun","Badayoun","Tomato","Deshi","14/03/2020","950","1100","1040"
"Uttar Pradesh","Badaun","Badayoun","Wheat","Local","14/03/2020","2020","2100","2055"
"Uttar Pradesh","Badaun","Shahaswan","Cauliflower","Cauliflower","14/03/2020","500","600","550"
"Uttar Pradesh","Badaun","Shahaswan","Onion","Red","14/03/2020","1500","1700","1600"
"Uttar Pradesh","Badaun","Shahaswan","Potato","Potato","14/03/2020","1000","1100","1050"
"Uttar Pradesh","Bareilly","Anwala","Brinjal","Brinjal","14/03/2020","800","850","830"
"Uttar Pradesh","Bareilly","Anwala","Carrot","Carrot","14/03/2020","600","700","650"
"Uttar Pradesh","Bareilly","Anwala","Cauliflower","Cauliflower","14/03/2020","600","700","650"
"Uttar Pradesh","Bareilly","Anwala","Green Chilli","Green Chilly","14/03/2020","2300","2500","2400"
"Uttar Pradesh","Bareilly","Anwala","Onion","Red","14/03/2020","2300","2500","2400"
"Uttar Pradesh","Bareilly","Anwala","Peas cod","Peas cod","14/03/2020","1000","1200","1100"
"Uttar Pradesh","Bareilly","Anwala","Potato","Local","14/03/2020","800","1000","900"
"Uttar Pradesh","Bareilly","Anwala","Raddish","Raddish","14/03/2020","500","600","550"
"Uttar Pradesh","Bareilly","Anwala","Tomato","Deshi","14/03/2020","700","800","750"
"Uttar Pradesh","Bareilly","Bahedi","Onion","Red","14/03/2020","2450","2535","2495"
"Uttar Pradesh","Bareilly","Bahedi","Potato","Kufri Megha","14/03/2020","1140","1210","1170"
"Uttar Pradesh","Bareilly","Richha","Paddy(Dhan)(Common)","Common","14/03/2020","1730","1815","1770"
"Uttar Pradesh","Bijnor","Kiratpur","Apple","Apple","14/03/2020","2200","2400","2300"
"Uttar Pradesh","Bijnor","Kiratpur","Banana - Green","Banana - Green","14/03/2020","900","1000","950"
"Uttar Pradesh","Bijnor","Kiratpur","Bottle gourd","Bottle Gourd","14/03/2020","850","950","900"
"Uttar Pradesh","Bijnor","Kiratpur","Brinjal","Brinjal","14/03/2020","800","900","850"
"Uttar Pradesh","Bijnor","Kiratpur","Carrot","Carrot","14/03/2020","800","900","850"
"Uttar Pradesh","Bijnor","Kiratpur","Cauliflower","Cauliflower","14/03/2020","600","700","650"
"Uttar Pradesh","Bijnor","Kiratpur","Onion","Red","14/03/2020","1800","1900","1850"
"Uttar Pradesh","Bijnor","Kiratpur","Potato","Desi","14/03/2020","600","700","650"
"Uttar Pradesh","Bijnor","Kiratpur","Raddish","Raddish","14/03/2020","400","500","450"
"Uttar Pradesh","Bijnor","Kiratpur","Tomato","Deshi","14/03/2020","750","850","800"
"Uttar Pradesh","Bulandshahar","Siyana","Carrot","Carrot","14/03/2020","1020","1140","1080"
"Uttar Pradesh","Bulandshahar","Siyana","Cauliflower","Cauliflower","14/03/2020","750","860","800"
"Uttar Pradesh","Bulandshahar","Siyana","Green Chilli","Green Chilly","14/03/2020","800","910","850"
"Uttar Pradesh","Bulandshahar","Siyana","Mousambi(Sweet Lime)","Mousambi","14/03/2020","1450","1570","1500"
"Uttar Pradesh","Bulandshahar","Siyana","Onion","Red","14/03/2020","1010","1200","1100"
"Uttar Pradesh","Bulandshahar","Siyana","Papaya","Papaya","14/03/2020","1460","1600","1510"
"Uttar Pradesh","Bulandshahar","Siyana","Pomegranate","Pomogranate","14/03/2020","2100","2300","2200"
"Uttar Pradesh","Bulandshahar","Siyana","Potato","Desi","14/03/2020","800","900","850"
"Uttar Pradesh","Bulandshahar","Siyana","Tomato","Local","14/03/2020","800","890","840"
"Uttar Pradesh","Faizabad","Faizabad","Apple","Kasmir/Shimla - II","14/03/2020","6400","6700","6500"
"Uttar Pradesh","Faizabad","Faizabad","Arhar Dal(Tur Dal)","Arhar Dal(Tur)","14/03/2020","7300","7550","7400"
"Uttar Pradesh","Faizabad","Faizabad","Barley (Jau)","Dara","14/03/2020","1935","1960","1950"
"Uttar Pradesh","Faizabad","Faizabad","Beetroot","Beetroot","14/03/2020","900","1000","950"
"Uttar Pradesh","Faizabad","Faizabad","Bengal Gram Dal (Chana Dal)","Bengal Gram Dal","14/03/2020","5575","5700","5600"
"Uttar Pradesh","Faizabad","Faizabad","Bengal Gram(Gram)(Whole)","Desi (Whole)","14/03/2020","4975","5030","5000"
"Uttar Pradesh","Faizabad","Faizabad","Ber(Zizyphus/Borehannu)","Ber(Zizyphus)","14/03/2020","1200","1350","1300"
"Uttar Pradesh","Faizabad","Faizabad","Black Gram Dal (Urd Dal)","Black Gram Dal","14/03/2020","9075","9200","9100"
"Uttar Pradesh","Faizabad","Faizabad","Bottle gourd","Bottle Gourd","14/03/2020","1575","1630","1600"
"Uttar Pradesh","Faizabad","Faizabad","Brinjal","Round/Long","14/03/2020","2325","2450","2350"
"Uttar Pradesh","Faizabad","Faizabad","Cabbage","Cabbage","14/03/2020","830","900","850"
"Uttar Pradesh","Faizabad","Faizabad","Capsicum","Capsicum","14/03/2020","3150","3300","3200"
"Uttar Pradesh","Faizabad","Faizabad","Carrot","Carrot","14/03/2020","1275","1330","1300"
"Uttar Pradesh","Faizabad","Faizabad","Cauliflower","Cauliflower","14/03/2020","1000","1100","1050"
"Uttar Pradesh","Faizabad","Faizabad","Coriander(Leaves)","Local","14/03/2020","1900","2100","2000"
"Uttar Pradesh","Faizabad","Faizabad","Field Pea","Field Pea","14/03/2020","1700","1900","1800"
"Uttar Pradesh","Faizabad","Faizabad","Garlic","Desi","14/03/2020","5500","6000","5800"
"Uttar Pradesh","Faizabad","Faizabad","Ginger(Green)","Green Ginger","14/03/2020","3700","4000","3850"
"Uttar Pradesh","Faizabad","Faizabad","Grapes","Green","14/03/2020","3700","4000","3900"
"Uttar Pradesh","Faizabad","Faizabad","Green Chilli","Green Chilly","14/03/2020","3455","3700","3500"
"Uttar Pradesh","Faizabad","Faizabad","Gur(Jaggery)","Yellow","14/03/2020","3535","3575","3550"
"Uttar Pradesh","Faizabad","Faizabad","Jack Fruit","Jack Fruit","14/03/2020","1950","2200","2000"
"Uttar Pradesh","Faizabad","Faizabad","Lentil (Masur)(Whole)","Masoor Gola","14/03/2020","5575","5650","5600"
"Uttar Pradesh","Faizabad","Faizabad","Maize","Yellow","14/03/2020","1940","1970","1950"
"Uttar Pradesh","Faizabad","Faizabad","Mousambi(Sweet Lime)","Mousambi","14/03/2020","3150","3300","3200"
"Uttar Pradesh","Faizabad","Faizabad","Mustard","Sarson(Black)","14/03/2020","3990","4020","4000"
"Uttar Pradesh","Faizabad","Faizabad","Paddy(Dhan)(Common)","Common","14/03/2020","1585","1620","1600"
"Uttar Pradesh","Faizabad","Faizabad","Pomegranate","Pomogranate","14/03/2020","5700","5950","5800"
"Uttar Pradesh","Faizabad","Faizabad","Potato","Desi","14/03/2020","1470","1520","1500"
"Uttar Pradesh","Faizabad","Faizabad","Potato","Red","14/03/2020","1560","1600","1575"
"Uttar Pradesh","Faizabad","Faizabad","Pumpkin","Pumpkin","14/03/2020","1830","1880","1850"
"Uttar Pradesh","Faizabad","Faizabad","Raddish","Raddish","14/03/2020","750","800","770"
"Uttar Pradesh","Faizabad","Faizabad","Rice","III","14/03/2020","2430","2480","2450"
"Uttar Pradesh","Faizabad","Faizabad","Spinach","Spinach","14/03/2020","1050","1125","1100"
"Uttar Pradesh","Faizabad","Faizabad","Tomato","Hybrid","14/03/2020","500","700","600"
"Uttar Pradesh","Faizabad","Faizabad","Wheat","Dara","14/03/2020","1965","1990","1980"
"Uttar Pradesh","Faizabad","Faizabad","White Peas","White Peas","14/03/2020","5930","6000","5950"
"Uttar Pradesh","Ghaziabad","Noida","Apple","Apple","14/03/2020","6100","6350","6275"
"Uttar Pradesh","Ghaziabad","Noida","Banana - Green","Banana - Green","14/03/2020","1500","1580","1560"
"Uttar Pradesh","Ghaziabad","Noida","Bhindi(Ladies Finger)","Bhindi","14/03/2020","2300","2400","2400"
"Uttar Pradesh","Ghaziabad","Noida","Bottle gourd","Bottle Gourd","14/03/2020","1500","1570","1550"
"Uttar Pradesh","Ghaziabad","Noida","Brinjal","Round/Long","14/03/2020","1525","1600","1585"
"Uttar Pradesh","Ghaziabad","Noida","Cabbage","Cabbage","14/03/2020","1020","1085","1060"
"Uttar Pradesh","Ghaziabad","Noida","Capsicum","Capsicum","14/03/2020","2300","2450","2400"
"Uttar Pradesh","Ghaziabad","Noida","Carrot","Carrot","14/03/2020","1300","1370","1350"
"Uttar Pradesh","Ghaziabad","Noida","Cauliflower","Cauliflower","14/03/2020","1260","1400","1350"
"Uttar Pradesh","Ghaziabad","Noida","Coriander(Leaves)","Coriander","14/03/2020","2200","2400","2300"
"Uttar Pradesh","Ghaziabad","Noida","Cucumbar(Kheera)","Cucumbar","14/03/2020","1500","1600","1560"
"Uttar Pradesh","Ghaziabad","Noida","Ginger(Green)","Green Ginger","14/03/2020","6300","6500","6425"
"Uttar Pradesh","Ghaziabad","Noida","Grapes","Annabesahai","14/03/2020","5300","5600","5500"
"Uttar Pradesh","Ghaziabad","Noida","Green Chilli","Green Chilly","14/03/2020","2000","2150","2100"
"Uttar Pradesh","Ghaziabad","Noida","Lemon","Lemon","14/03/2020","2400","2525","2500"
"Uttar Pradesh","Ghaziabad","Noida","Methi(Leaves)","Methi","14/03/2020","1250","1340","1300"
"Uttar Pradesh","Ghaziabad","Noida","Mousambi(Sweet Lime)","Mousambi","14/03/2020","2980","3150","3100"
"Uttar Pradesh","Ghaziabad","Noida","Onion","Onion","14/03/2020","2250","2400","2350"
"Uttar Pradesh","Ghaziabad","Noida","Orange","Darjeeling","14/03/2020","2600","2700","2660"
"Uttar Pradesh","Ghaziabad","Noida","Papaya","Papaya","14/03/2020","1900","2000","1960"
"Uttar Pradesh","Ghaziabad","Noida","Peas cod","Peas cod","14/03/2020","1670","1720","1700"
"Uttar Pradesh","Ghaziabad","Noida","Pomegranate","Pomogranate","14/03/2020","4150","4360","4270"
"Uttar Pradesh","Ghaziabad","Noida","Potato","Desi","14/03/2020","1350","1450","1420"
"Uttar Pradesh","Ghaziabad","Noida","Pumpkin","Pumpkin","14/03/2020","1180","1300","1270"
"Uttar Pradesh","Ghaziabad","Noida","Raddish","Raddish","14/03/2020","500","560","535"
"Uttar Pradesh","Ghaziabad","Noida","Spinach","Spinach","14/03/2020","1000","1100","1060"
"Uttar Pradesh","Ghaziabad","Noida","Tomato","Deshi","14/03/2020","1250","1350","1310"
"Uttar Pradesh","Hathras","Shadabad","Apple","American","14/03/2020","4850","5050","4950"
"Uttar Pradesh","Hathras","Shadabad","Bottle gourd","Bottle Gourd","14/03/2020","1080","1280","1180"
"Uttar Pradesh","Hathras","Shadabad","Brinjal","Brinjal","14/03/2020","1220","1420","1320"
"Uttar Pradesh","Hathras","Shadabad","Cabbage","Cabbage","14/03/2020","730","930","830"
"Uttar Pradesh","Hathras","Shadabad","Carrot","Carrot","14/03/2020","920","1120","1020"
"Uttar Pradesh","Hathras","Shadabad","Cauliflower","Cauliflower","14/03/2020","820","1020","920"
"Uttar Pradesh","Hathras","Shadabad","Cucumbar(Kheera)","Cucumbar","14/03/2020","1120","1320","1220"
"Uttar Pradesh","Hathras","Shadabad","Field Pea","Field Pea","14/03/2020","1750","1950","1850"
"Uttar Pradesh","Hathras","Shadabad","Ginger(Green)","Green Ginger","14/03/2020","4400","4600","4500"
"Uttar Pradesh","Hathras","Shadabad","Grapes","Annabesahai","14/03/2020","3750","3950","3850"
"Uttar Pradesh","Hathras","Shadabad","Green Chilli","Green Chilly","14/03/2020","2150","2350","2250"
"Uttar Pradesh","Hathras","Shadabad","Lemon","Lemon","14/03/2020","2860","3060","2960"
"Uttar Pradesh","Hathras","Shadabad","Onion","Red","14/03/2020","1950","2150","2050"
"Uttar Pradesh","Hathras","Shadabad","Papaya","Papaya","14/03/2020","1970","2170","2070"
"Uttar Pradesh","Hathras","Shadabad","Pomegranate","Pomogranate","14/03/2020","4400","4600","4500"
"Uttar Pradesh","Hathras","Shadabad","Potato","Desi","14/03/2020","1050","1250","1150"
"Uttar Pradesh","Hathras","Shadabad","Pumpkin","Pumpkin","14/03/2020","1060","1260","1160"
"Uttar Pradesh","Hathras","Shadabad","Raddish","Raddish","14/03/2020","570","770","670"
"Uttar Pradesh","Hathras","Shadabad","Spinach","Spinach","14/03/2020","700","900","800"
"Uttar Pradesh","Hathras","Shadabad","Tomato","Deshi","14/03/2020","750","950","850"
"Uttar Pradesh","Jaunpur","Shahganj","Apple","Delicious","14/03/2020","5800","5980","5850"
"Uttar Pradesh","Jaunpur","Shahganj","Bengal Gram(Gram)(Whole)","Desi (Whole)","14/03/2020","5130","5260","5200"
"Uttar Pradesh","Jaunpur","Shahganj","Bottle gourd","Bottle Gourd","14/03/2020","1320","1500","1400"
"Uttar Pradesh","Jaunpur","Shahganj","Brinjal","Brinjal","14/03/2020","1740","1900","1810"
"Uttar Pradesh","Jaunpur","Shahganj","Carrot","Carrot","14/03/2020","650","830","740"
"Uttar Pradesh","Jaunpur","Shahganj","Cauliflower","Cauliflower","14/03/2020","1150","1360","1240"
"Uttar Pradesh","Jaunpur","Shahganj","Cucumbar(Kheera)","Cucumbar","14/03/2020","1120","1300","1200"
"Uttar Pradesh","Jaunpur","Shahganj","Garlic","Garlic","14/03/2020","9840","10000","9910"
"Uttar Pradesh","Jaunpur","Shahganj","Ginger(Green)","Green Ginger","14/03/2020","5160","5400","5240"
"Uttar Pradesh","Jaunpur","Shahganj","Grapes","Other","14/03/2020","3100","3300","3200"
"Uttar Pradesh","Jaunpur","Shahganj","Green Chilli","Green Chilly","14/03/2020","2450","2600","2540"
"Uttar Pradesh","Jaunpur","Shahganj","Gur(Jaggery)","Yellow","14/03/2020","3560","3700","3630"
"Uttar Pradesh","Jaunpur","Shahganj","Mousambi(Sweet Lime)","Mousambi","14/03/2020","3980","4060","4020"
"Uttar Pradesh","Jaunpur","Shahganj","Mustard","Sarson(Black)","14/03/2020","4170","4260","4210"
"Uttar Pradesh","Jaunpur","Shahganj","Onion","Red","14/03/2020","2120","2300","2200"
"Uttar Pradesh","Jaunpur","Shahganj","Orange","Darjeeling","14/03/2020","2400","2550","2460"
"Uttar Pradesh","Jaunpur","Shahganj","Peas cod","Peas cod","14/03/2020","2230","2400","2310"
"Uttar Pradesh","Jaunpur","Shahganj","Peas(Dry)","Peas(Dry)","14/03/2020","5180","5300","5240"
"Uttar Pradesh","Jaunpur","Shahganj","Pomegranate","Pomogranate","14/03/2020","5400","5600","5510"
"Uttar Pradesh","Jaunpur","Shahganj","Potato","Potato","14/03/2020","1320","1500","1400"
"Uttar Pradesh","Jaunpur","Shahganj","Pumpkin","Pumpkin","14/03/2020","1320","1500","1400"
"Uttar Pradesh","Jaunpur","Shahganj","Raddish","Raddish","14/03/2020","500","700","600"
"Uttar Pradesh","Jaunpur","Shahganj","Rice","III","14/03/2020","2230","2340","2300"
"Uttar Pradesh","Jaunpur","Shahganj","Tomato","Tomato","14/03/2020","900","1080","960"
"Uttar Pradesh","Jaunpur","Shahganj","Wheat","Dara","14/03/2020","2060","2150","2110"
"Uttar Pradesh","Lakhimpur","Lakhimpur","Apple","Simla","14/03/2020","6050","6150","6100"
"Uttar Pradesh","Lakhimpur","Lakhimpur","Banana","Banana - Ripe","14/03/2020","2120","2220","2170"
"Uttar Pradesh","Lakhimpur","Lakhimpur","Bengal Gram(Gram)(Whole)","Desi (Whole)","14/03/2020","4900","5000","4950"
"Uttar Pradesh","Lakhimpur","Lakhimpur","Bottle gourd","Bottle Gourd","14/03/2020","1220","1320","1270"
"Uttar Pradesh","Lakhimpur","Lakhimpur","Brinjal","Round/Long","14/03/2020","1530","1620","1580"
"Uttar Pradesh","Lakhimpur","Lakhimpur","Garlic","Desi","14/03/2020","7350","7450","7400"
"Uttar Pradesh","Lakhimpur","Lakhimpur","Green Chilli","Green Chilly","14/03/2020","2050","2150","2100"
"Uttar Pradesh","Lakhimpur","Lakhimpur","Gur(Jaggery)","Pathari","14/03/2020","2950","3050","3000"
"Uttar Pradesh","Lakhimpur","Lakhimpur","Lentil (Masur)(Whole)","Masoor Gola","14/03/2020","5350","5450","5410"
"Uttar Pradesh","Lakhimpur","Lakhimpur","Maize","Yellow","14/03/2020","1820","1920","1870"
"Uttar Pradesh","Lakhimpur","Lakhimpur","Mustard","Sarson(Black)","14/03/2020","3650","3750","3700"
"Uttar Pradesh","Lakhimpur","Lakhimpur","Onion","Red","14/03/2020","2000","2100","2050"
"Uttar Pradesh","Lakhimpur","Lakhimpur","Paddy(Dhan)(Common)","Common","14/03/2020","1550","1670","1600"
"Uttar Pradesh","Lakhimpur","Lakhimpur","Papaya","Papaya","14/03/2020","1800","1900","1850"
"Uttar Pradesh","Lakhimpur","Lakhimpur","Pomegranate","Pomogranate","14/03/2020","4870","4950","4900"
"Uttar Pradesh","Lakhimpur","Lakhimpur","Potato","Potato","14/03/2020","1160","1250","1210"
"Uttar Pradesh","Lakhimpur","Lakhimpur","Pumpkin","Pumpkin","14/03/2020","1280","1350","1310"
"Uttar Pradesh","Lakhimpur","Lakhimpur","Rice","Coarse","14/03/2020","2400","2500","2440"
"Uttar Pradesh","Lakhimpur","Lakhimpur","Sugar","Chini","14/03/2020","3410","3450","3430"
"Uttar Pradesh","Lakhimpur","Lakhimpur","Tomato","Deshi","14/03/2020","1120","1220","1170"
"Uttar Pradesh","Lakhimpur","Lakhimpur","Wheat","Dara","14/03/2020","1980","2070","2020"
"Uttar Pradesh","Meerut","Sardhana","Banana - Green","Banana - Green","14/03/2020","800","900","850"
"Uttar Pradesh","Meerut","Sardhana","Brinjal","Round/Long","14/03/2020","700","809","750"
"Uttar Pradesh","Muzaffarnagar","Kadhle","Apple","Delicious","14/03/2020","2300","2400","2350"
"Uttar Pradesh","Muzaffarnagar","Kadhle","Banana - Green","Banana - Green","14/03/2020","1100","1200","1150"
"Uttar Pradesh","Muzaffarnagar","Kadhle","Bitter gourd","Bitter Gourd","14/03/2020","690","710","700"
"Uttar Pradesh","Muzaffarnagar","Kadhle","Bottle gourd","Bottle Gourd","14/03/2020","590","610","600"
"Uttar Pradesh","Muzaffarnagar","Kadhle","Brinjal","Round/Long","14/03/2020","400","500","450"
"Uttar Pradesh","Muzaffarnagar","Kadhle","Cabbage","Cabbage","14/03/2020","400","420","410"
"Uttar Pradesh","Muzaffarnagar","Kadhle","Carrot","Carrot","14/03/2020","590","610","600"
"Uttar Pradesh","Muzaffarnagar","Kadhle","Green Chilli","Green Chilly","14/03/2020","1790","1810","1800"
"Uttar Pradesh","Muzaffarnagar","Kadhle","Guava","Guava","14/03/2020","800","820","810"
"Uttar Pradesh","Muzaffarnagar","Kadhle","Lemon","Lemon","14/03/2020","2900","3000","2950"
"Uttar Pradesh","Muzaffarnagar","Kadhle","Onion","Red","14/03/2020","2900","3000","2950"
"Uttar Pradesh","Muzaffarnagar","Kadhle","Papaya","Papaya","14/03/2020","1000","1040","1020"
"Uttar Pradesh","Muzaffarnagar","Kadhle","Potato","Local","14/03/2020","700","780","740"
"Uttar Pradesh","Muzaffarnagar","Kadhle","Raddish","Raddish","14/03/2020","590","610","600"
"Uttar Pradesh","Muzaffarnagar","Kadhle","Ridgeguard(Tori)","Ridgeguard(Tori)","14/03/2020","700","780","740"
"Uttar Pradesh","Muzaffarnagar","Kadhle","Tomato","Hybrid","14/03/2020","1050","1100","1075"
"Uttar Pradesh","Muzaffarnagar","Kairana","Banana - Green","Banana - Green","14/03/2020","950","960","956"
"Uttar Pradesh","Muzaffarnagar","Kairana","Ber(Zizyphus/Borehannu)","Ber(Zizyphus)","14/03/2020","900","910","905"
"Uttar Pradesh","Muzaffarnagar","Kairana","Carrot","Carrot","14/03/2020","550","560","556"
"Uttar Pradesh","Muzaffarnagar","Kairana","Cauliflower","Cauliflower","14/03/2020","500","505","503"
"Uttar Pradesh","Muzaffarnagar","Kairana","Onion","Red","14/03/2020","810","815","812"
"Uttar Pradesh","Muzaffarnagar","Kairana","Potato","Desi","14/03/2020","580","590","584"
"Uttar Pradesh","Muzaffarnagar","Kairana","Raddish","Raddish","14/03/2020","390","400","396"
"Uttar Pradesh","Muzaffarnagar","Kairana","Tomato","Deshi","14/03/2020","800","810","805"
"Uttar Pradesh","Saharanpur","Nakud","Banana - Green","Banana - Green","14/03/2020","1025","1075","1050"
"Uttar Pradesh","Saharanpur","Nakud","Cauliflower","Cauliflower","14/03/2020","650","700","675"
"Uttar Pradesh","Saharanpur","Nakud","Green Chilli","Green Chilly","14/03/2020","1300","1500","1400"
"Uttar Pradesh","Saharanpur","Nakud","Green Peas","Other","14/03/2020","1200","1400","1300"
"Uttar Pradesh","Saharanpur","Nakud","Potato","Other","14/03/2020","750","800","775"
"Uttar Pradesh","Saharanpur","Nakud","Tomato","Deshi","14/03/2020","1025","1075","1050"
"Uttar Pradesh","Saharanpur","Nakud","Wood","Other","14/03/2020","300","310","305"
"Uttar Pradesh","Shahjahanpur","Badda","Bottle gourd","Bottle Gourd","14/03/2020","1200","1300","1250"
"Uttar Pradesh","Shahjahanpur","Badda","Gur(Jaggery)","Red","14/03/2020","2700","2900","2800"
"Uttar Pradesh","Shahjahanpur","Badda","Onion","Red","14/03/2020","1900","2100","2000"
"Uttar Pradesh","Shahjahanpur","Badda","Raddish","Other","14/03/2020","600","700","650"
"Uttar Pradesh","Shahjahanpur","Badda","Wheat","Dara","14/03/2020","2000","2050","2020"
"Uttar Pradesh","Shahjahanpur","Puwaha","Brinjal","Round/Long","14/03/2020","1200","1300","1250"
"Uttar Pradesh","Shahjahanpur","Puwaha","Onion","Red","14/03/2020","2000","2100","2050"
"Uttar Pradesh","Shahjahanpur","Puwaha","Wheat","Dara","14/03/2020","2000","2050","2020"
"Uttar Pradesh","Shravasti","Payagpur","Paddy(Dhan)(Common)","Paddy Coarse","14/03/2020","1580","1620","1600"
"Uttar Pradesh","Sitapur","Hargaon (Laharpur)","Banana","Desi(Bontha)","14/03/2020","600","700","650"
"Uttar Pradesh","Sitapur","Hargaon (Laharpur)","Firewood","Other","14/03/2020","170","190","180"
"Uttar Pradesh","Sitapur","Hargaon (Laharpur)","Gur(Jaggery)","Yellow","14/03/2020","2200","2400","2300"
"Uttar Pradesh","Sitapur","Hargaon (Laharpur)","Potato","Local","14/03/2020","800","900","850"
"Uttar Pradesh","Sitapur","Hargaon (Laharpur)","Wheat","Dara","14/03/2020","1890","1900","1895"
"Uttar Pradesh","Sitapur","Hargaon (Laharpur)","Wood","Other","14/03/2020","280","300","290"
"Uttar Pradesh","Sitapur","Misrikh","Cauliflower","Cauliflower","14/03/2020","790","810","800"
"Uttar Pradesh","Sitapur","Misrikh","Tomato","Tomato","14/03/2020","790","810","800"
"Uttar Pradesh","Sitapur","Misrikh","Wood","Other","14/03/2020","180","320","280"
"Uttrakhand","Dehradoon","Dehradoon","Brinjal","Other","14/03/2020","800","1000","900"
"Uttrakhand","Dehradoon","Dehradoon","Cabbage","Other","14/03/2020","800","1200","950"
"Uttrakhand","Dehradoon","Dehradoon","Carrot","Other","14/03/2020","900","1400","1050"
"Uttrakhand","Dehradoon","Dehradoon","Green Chilli","Other","14/03/2020","800","1100","950"
"Uttrakhand","Dehradoon","Dehradoon","Potato","Other","14/03/2020","800","1400","1100"
"Uttrakhand","Dehradoon","Dehradoon","Pumpkin","Other","14/03/2020","400","700","500"
"Uttrakhand","Dehradoon","Dehradoon","Raddish","Other","14/03/2020","400","500","450"
"Uttrakhand","Dehradoon","Dehradoon","Tomato","Other","14/03/2020","700","1200","800"
"Uttrakhand","UdhamSinghNagar","Jaspur(UC)","Carrot","Other","14/03/2020","1000","1000","1000"
"Uttrakhand","UdhamSinghNagar","Jaspur(UC)","Cauliflower","Other","14/03/2020","800","800","800"
"Uttrakhand","UdhamSinghNagar","Jaspur(UC)","Green Chilli","Other","14/03/2020","3000","3000","3000"
"Uttrakhand","UdhamSinghNagar","Jaspur(UC)","Potato","Other","14/03/2020","1000","1000","1000"
"West Bengal","Burdwan","Kalna","Brinjal","Other","14/03/2020","800","900","850"
"West Bengal","Burdwan","Kalna","Cucumbar(Kheera)","Other","14/03/2020","900","1000","900"
"West Bengal","Burdwan","Kalna","Green Chilli","Other","14/03/2020","3800","4000","3900"
"West Bengal","Burdwan","Kalna","Jute","TD-5","14/03/2020","4400","4500","4400"
"West Bengal","Burdwan","Kalna","Paddy(Dhan)(Common)","Swarna Masuri (New)","14/03/2020","1815","1835","1815"
"West Bengal","Burdwan","Kalna","Potato","Jyoti","14/03/2020","1150","1160","1160"
"West Bengal","Burdwan","Kalna","Rice","Fine","14/03/2020","2950","2980","2950"
"West Bengal","Burdwan","Kalna","Rice","Other","14/03/2020","2250","2280","2250"
"West Bengal","Burdwan","Kalna","Sweet Pumpkin","Other","14/03/2020","1400","1500","1450"
"West Bengal","Burdwan","Kalna","Tomato","Other","14/03/2020","900","1000","950"
"West Bengal","Coochbehar","Baxirhat","Brinjal","Brinjal","14/03/2020","600","800","700"
"West Bengal","Coochbehar","Baxirhat","Cabbage","Cabbage","14/03/2020","500","600","550"
"West Bengal","Coochbehar","Baxirhat","Cauliflower","Cauliflower","14/03/2020","600","700","650"
"West Bengal","Coochbehar","Baxirhat","Green Chilli","Green Chilly","14/03/2020","2700","2900","2800"
"West Bengal","Coochbehar","Baxirhat","Potato","Jyoti","14/03/2020","1100","1200","1150"
"West Bengal","Coochbehar","Baxirhat","Tomato","Other","14/03/2020","700","850","800"
"West Bengal","Coochbehar","Coochbehar","Brinjal","Round/Long","14/03/2020","900","1050","1000"
"West Bengal","Coochbehar","Coochbehar","Cabbage","Other","14/03/2020","500","600","550"
"West Bengal","Coochbehar","Coochbehar","Cauliflower","Other","14/03/2020","600","750","700"
"West Bengal","Coochbehar","Coochbehar","Green Chilli","Other","14/03/2020","2800","3000","2900"
"West Bengal","Coochbehar","Coochbehar","Potato","Jyoti","14/03/2020","1100","1200","1150"
"West Bengal","Coochbehar","Coochbehar","Tomato","Other","14/03/2020","800","1000","900"
"West Bengal","Coochbehar","Pundibari","Brinjal","Other","14/03/2020","900","1100","1000"
"West Bengal","Coochbehar","Pundibari","Cabbage","Other","14/03/2020","400","500","450"
"West Bengal","Coochbehar","Pundibari","Cauliflower","Other","14/03/2020","600","700","650"
"West Bengal","Coochbehar","Pundibari","Green Chilli","Other","14/03/2020","2800","3000","2900"
"West Bengal","Coochbehar","Pundibari","Potato","Jyoti","14/03/2020","1000","1150","1100"
"West Bengal","Coochbehar","Pundibari","Tomato","Deshi","14/03/2020","700","900","800"
"West Bengal","North 24 Parganas","Habra","Bitter gourd","Other","14/03/2020","3800","4000","3800"
"West Bengal","North 24 Parganas","Habra","Brinjal","Other","14/03/2020","4000","4000","4000"
"West Bengal","North 24 Parganas","Habra","Green Chilli","Other","14/03/2020","4000","4200","4000"
"West Bengal","North 24 Parganas","Habra","Onion","Other","14/03/2020","1350","1625","1500"
"West Bengal","North 24 Parganas","Habra","Papaya (Raw)","Other","14/03/2020","1600","1900","1700"
"West Bengal","North 24 Parganas","Habra","Potato","Other","14/03/2020","1180","1220","1200"
"West Bengal","North 24 Parganas","Habra","Pumpkin","Other","14/03/2020","1300","1500","1400"
"West Bengal","North 24 Parganas","Habra","Tomato","Other","14/03/2020","1000","1250","1000"
